/*
SQLyog Community v10.3 
MySQL - 5.5.19 : Database - mybbs
*********************************************************************
*/

/*!40101 SET NAMES utf8 */;

/*!40101 SET SQL_MODE=''*/;

/*!40014 SET @OLD_UNIQUE_CHECKS=@@UNIQUE_CHECKS, UNIQUE_CHECKS=0 */;
/*!40014 SET @OLD_FOREIGN_KEY_CHECKS=@@FOREIGN_KEY_CHECKS, FOREIGN_KEY_CHECKS=0 */;
/*!40101 SET @OLD_SQL_MODE=@@SQL_MODE, SQL_MODE='NO_AUTO_VALUE_ON_ZERO' */;
/*!40111 SET @OLD_SQL_NOTES=@@SQL_NOTES, SQL_NOTES=0 */;
CREATE DATABASE /*!32312 IF NOT EXISTS*/`mybbs` /*!40100 DEFAULT CHARACTER SET utf8 */;

USE `mybbs`;

/*Table structure for table `auth_group` */

DROP TABLE IF EXISTS `auth_group`;

CREATE TABLE `auth_group` (
  `id` int(11) NOT NULL AUTO_INCREMENT,
  `name` varchar(80) NOT NULL,
  PRIMARY KEY (`id`),
  UNIQUE KEY `name` (`name`)
) ENGINE=InnoDB DEFAULT CHARSET=utf8;

/*Data for the table `auth_group` */

/*Table structure for table `auth_group_permissions` */

DROP TABLE IF EXISTS `auth_group_permissions`;

CREATE TABLE `auth_group_permissions` (
  `id` int(11) NOT NULL AUTO_INCREMENT,
  `group_id` int(11) NOT NULL,
  `permission_id` int(11) NOT NULL,
  PRIMARY KEY (`id`),
  UNIQUE KEY `group_id` (`group_id`,`permission_id`),
  KEY `auth_group_permissions_5f412f9a` (`group_id`),
  KEY `auth_group_permissions_83d7f98b` (`permission_id`),
  CONSTRAINT `group_id_refs_id_f4b32aac` FOREIGN KEY (`group_id`) REFERENCES `auth_group` (`id`),
  CONSTRAINT `permission_id_refs_id_6ba0f519` FOREIGN KEY (`permission_id`) REFERENCES `auth_permission` (`id`)
) ENGINE=InnoDB DEFAULT CHARSET=utf8;

/*Data for the table `auth_group_permissions` */

/*Table structure for table `auth_permission` */

DROP TABLE IF EXISTS `auth_permission`;

CREATE TABLE `auth_permission` (
  `id` int(11) NOT NULL AUTO_INCREMENT,
  `name` varchar(50) NOT NULL,
  `content_type_id` int(11) NOT NULL,
  `codename` varchar(100) NOT NULL,
  PRIMARY KEY (`id`),
  UNIQUE KEY `content_type_id` (`content_type_id`,`codename`),
  KEY `auth_permission_37ef4eb4` (`content_type_id`),
  CONSTRAINT `content_type_id_refs_id_d043b34a` FOREIGN KEY (`content_type_id`) REFERENCES `django_content_type` (`id`)
) ENGINE=InnoDB AUTO_INCREMENT=40 DEFAULT CHARSET=utf8;

/*Data for the table `auth_permission` */

insert  into `auth_permission`(`id`,`name`,`content_type_id`,`codename`) values (1,'Can add log entry',1,'add_logentry'),(2,'Can change log entry',1,'change_logentry'),(3,'Can delete log entry',1,'delete_logentry'),(4,'Can add permission',2,'add_permission'),(5,'Can change permission',2,'change_permission'),(6,'Can delete permission',2,'delete_permission'),(7,'Can add group',3,'add_group'),(8,'Can change group',3,'change_group'),(9,'Can delete group',3,'delete_group'),(10,'Can add user',4,'add_user'),(11,'Can change user',4,'change_user'),(12,'Can delete user',4,'delete_user'),(13,'Can add content type',5,'add_contenttype'),(14,'Can change content type',5,'change_contenttype'),(15,'Can delete content type',5,'delete_contenttype'),(16,'Can add session',6,'add_session'),(17,'Can change session',6,'change_session'),(18,'Can delete session',6,'delete_session'),(19,'Can add filter',7,'add_filter'),(20,'Can change filter',7,'change_filter'),(21,'Can delete filter',7,'delete_filter'),(22,'Can add user setting',8,'add_usersetting'),(23,'Can change user setting',8,'change_usersetting'),(24,'Can delete user setting',8,'delete_usersetting'),(25,'Can add source page',9,'add_sourcepage'),(26,'Can change source page',9,'change_sourcepage'),(27,'Can delete source page',9,'delete_sourcepage'),(28,'Can add source page sample',10,'add_sourcepagesample'),(29,'Can change source page sample',10,'change_sourcepagesample'),(30,'Can delete source page sample',10,'delete_sourcepagesample'),(31,'Can add source page filter',11,'add_sourcepagefilter'),(32,'Can change source page filter',11,'change_sourcepagefilter'),(33,'Can delete source page filter',11,'delete_sourcepagefilter'),(34,'Can add source page filter detail',12,'add_sourcepagefilterdetail'),(35,'Can change source page filter detail',12,'change_sourcepagefilterdetail'),(36,'Can delete source page filter detail',12,'delete_sourcepagefilterdetail'),(37,'Can add user setting to source page',13,'add_usersettingtosourcepage'),(38,'Can change user setting to source page',13,'change_usersettingtosourcepage'),(39,'Can delete user setting to source page',13,'delete_usersettingtosourcepage');

/*Table structure for table `auth_user` */

DROP TABLE IF EXISTS `auth_user`;

CREATE TABLE `auth_user` (
  `id` int(11) NOT NULL AUTO_INCREMENT,
  `password` varchar(128) NOT NULL,
  `last_login` datetime NOT NULL,
  `is_superuser` tinyint(1) NOT NULL,
  `username` varchar(30) NOT NULL,
  `first_name` varchar(30) NOT NULL,
  `last_name` varchar(30) NOT NULL,
  `email` varchar(75) NOT NULL,
  `is_staff` tinyint(1) NOT NULL,
  `is_active` tinyint(1) NOT NULL,
  `date_joined` datetime NOT NULL,
  PRIMARY KEY (`id`),
  UNIQUE KEY `username` (`username`)
) ENGINE=InnoDB AUTO_INCREMENT=2 DEFAULT CHARSET=utf8;

/*Data for the table `auth_user` */

insert  into `auth_user`(`id`,`password`,`last_login`,`is_superuser`,`username`,`first_name`,`last_name`,`email`,`is_staff`,`is_active`,`date_joined`) values (1,'pbkdf2_sha256$12000$jFmAKMlFNXth$Gf5ixm/Urp8N04+LACteCUgs0/lzQdrUIi6+N1anY/A=','2014-07-19 13:55:06',1,'root','','','240919445@qq.com',1,1,'2014-07-19 13:54:36');

/*Table structure for table `auth_user_groups` */

DROP TABLE IF EXISTS `auth_user_groups`;

CREATE TABLE `auth_user_groups` (
  `id` int(11) NOT NULL AUTO_INCREMENT,
  `user_id` int(11) NOT NULL,
  `group_id` int(11) NOT NULL,
  PRIMARY KEY (`id`),
  UNIQUE KEY `user_id` (`user_id`,`group_id`),
  KEY `auth_user_groups_6340c63c` (`user_id`),
  KEY `auth_user_groups_5f412f9a` (`group_id`),
  CONSTRAINT `group_id_refs_id_274b862c` FOREIGN KEY (`group_id`) REFERENCES `auth_group` (`id`),
  CONSTRAINT `user_id_refs_id_40c41112` FOREIGN KEY (`user_id`) REFERENCES `auth_user` (`id`)
) ENGINE=InnoDB DEFAULT CHARSET=utf8;

/*Data for the table `auth_user_groups` */

/*Table structure for table `auth_user_user_permissions` */

DROP TABLE IF EXISTS `auth_user_user_permissions`;

CREATE TABLE `auth_user_user_permissions` (
  `id` int(11) NOT NULL AUTO_INCREMENT,
  `user_id` int(11) NOT NULL,
  `permission_id` int(11) NOT NULL,
  PRIMARY KEY (`id`),
  UNIQUE KEY `user_id` (`user_id`,`permission_id`),
  KEY `auth_user_user_permissions_6340c63c` (`user_id`),
  KEY `auth_user_user_permissions_83d7f98b` (`permission_id`),
  CONSTRAINT `permission_id_refs_id_35d9ac25` FOREIGN KEY (`permission_id`) REFERENCES `auth_permission` (`id`),
  CONSTRAINT `user_id_refs_id_4dc23c39` FOREIGN KEY (`user_id`) REFERENCES `auth_user` (`id`)
) ENGINE=InnoDB DEFAULT CHARSET=utf8;

/*Data for the table `auth_user_user_permissions` */

/*Table structure for table `django_admin_log` */

DROP TABLE IF EXISTS `django_admin_log`;

CREATE TABLE `django_admin_log` (
  `id` int(11) NOT NULL AUTO_INCREMENT,
  `action_time` datetime NOT NULL,
  `user_id` int(11) NOT NULL,
  `content_type_id` int(11) DEFAULT NULL,
  `object_id` longtext,
  `object_repr` varchar(200) NOT NULL,
  `action_flag` smallint(5) unsigned NOT NULL,
  `change_message` longtext NOT NULL,
  PRIMARY KEY (`id`),
  KEY `django_admin_log_6340c63c` (`user_id`),
  KEY `django_admin_log_37ef4eb4` (`content_type_id`),
  CONSTRAINT `content_type_id_refs_id_93d2d1f8` FOREIGN KEY (`content_type_id`) REFERENCES `django_content_type` (`id`),
  CONSTRAINT `user_id_refs_id_c0d12874` FOREIGN KEY (`user_id`) REFERENCES `auth_user` (`id`)
) ENGINE=InnoDB AUTO_INCREMENT=23 DEFAULT CHARSET=utf8;

/*Data for the table `django_admin_log` */

insert  into `django_admin_log`(`id`,`action_time`,`user_id`,`content_type_id`,`object_id`,`object_repr`,`action_flag`,`change_message`) values (1,'2014-07-19 14:03:39',1,9,'4028819d474d2df401474d2e01440014','简书首页',2,'Changed sampleSourcePage.'),(2,'2014-07-19 14:03:45',1,9,'4028819d474d2df401474d2e0111000c','天涯论坛首页热帖',2,'Changed sampleSourcePage.'),(3,'2014-07-19 14:08:17',1,10,'f614fe3cb2ab4eaa95605290ac6f7673','天涯子版Sample',1,''),(4,'2014-07-19 14:08:42',1,11,'8766844b87644cbbbe6036c704d50d4a','天涯子版Filter',1,''),(5,'2014-07-19 14:09:20',1,12,'2518085d92874fd38cd3c3eca8dd528a','天涯子版Filter - 1 - AndFilter',1,''),(6,'2014-07-19 14:10:01',1,12,'213ff002e58e40a78512e73049350ed1','天涯子版Filter - 2 - TagNameFilter',1,''),(7,'2014-07-19 14:10:23',1,12,'060d345d1c71454ea640a2ec7e45bca8','天涯子版Filter - 2 - HasParentFilter',1,''),(8,'2014-07-19 14:10:59',1,12,'0729dc0f4f2f424d9a4854bac4ee1682','天涯子版Filter - 3 - HasAttributeFilter',1,''),(9,'2014-07-19 14:13:25',1,10,'23ff7ee6bc1243f3af873c58c075e952','天涯导航Sample',1,''),(10,'2014-07-19 14:15:19',1,9,'9d8197a77ad442f7ba6e0b758db5f227','天涯导航',1,''),(11,'2014-07-19 14:20:19',1,10,'23ff7ee6bc1243f3af873c58c075e952','天涯导航Sample',2,'Added source page filter \"天涯导航Filter\".'),(12,'2014-07-19 14:20:46',1,12,'45ec38f576744b3eb2b9c3ca145b42ea','天涯导航Filter - 1 - AndFilter',1,''),(13,'2014-07-19 14:21:01',1,12,'6ea588728add4de380c20da626a7fc29','天涯导航Filter - 2 - TagNameFilter',1,''),(14,'2014-07-19 14:21:27',1,12,'87d7927fe7934be9b36ac25aee282c54','天涯导航Filter - 2 - HasAttributeFilter',1,''),(15,'2014-07-19 14:31:46',1,9,'9d8197a77ad442f7ba6e0b758db5f227','天涯导航',2,'No fields changed.'),(16,'2014-07-19 14:33:39',1,9,'9d8197a77ad442f7ba6e0b758db5f227','天涯导航',2,'Changed sampleSourcePage.'),(17,'2014-07-19 14:36:28',1,9,'9d8197a77ad442f7ba6e0b758db5f227','天涯导航',2,'Changed md5Code.'),(18,'2014-07-19 15:19:24',1,12,'0729dc0f4f2f424d9a4854bac4ee1682','天涯子版Filter - 3 - HasAttributeFilter',2,'Changed paramValue2.'),(19,'2014-07-19 15:29:27',1,12,'0729dc0f4f2f424d9a4854bac4ee1682','天涯子版Filter - 3 - HasAttributeFilter',2,'Changed paramValue2.'),(20,'2014-07-20 11:18:45',1,8,'4fbf6d3f0b8c4f4a987219e3e041aee0','Test Settiing1',1,''),(21,'2014-07-20 11:48:00',1,8,'c946f3c8f708422f82680c6a7817c50a','Default Test',1,''),(22,'2014-07-20 12:03:29',1,8,'c946f3c8f708422f82680c6a7817c50a','Default Test',2,'Deleted user setting to source page \"UserSettingToSourcePage object\".');

/*Table structure for table `django_content_type` */

DROP TABLE IF EXISTS `django_content_type`;

CREATE TABLE `django_content_type` (
  `id` int(11) NOT NULL AUTO_INCREMENT,
  `name` varchar(100) NOT NULL,
  `app_label` varchar(100) NOT NULL,
  `model` varchar(100) NOT NULL,
  PRIMARY KEY (`id`),
  UNIQUE KEY `app_label` (`app_label`,`model`)
) ENGINE=InnoDB AUTO_INCREMENT=14 DEFAULT CHARSET=utf8;

/*Data for the table `django_content_type` */

insert  into `django_content_type`(`id`,`name`,`app_label`,`model`) values (1,'log entry','admin','logentry'),(2,'permission','auth','permission'),(3,'group','auth','group'),(4,'user','auth','user'),(5,'content type','contenttypes','contenttype'),(6,'session','sessions','session'),(7,'filter','mybbs_app','filter'),(8,'user setting','mybbs_app','usersetting'),(9,'source page','mybbs_app','sourcepage'),(10,'source page sample','mybbs_app','sourcepagesample'),(11,'source page filter','mybbs_app','sourcepagefilter'),(12,'source page filter detail','mybbs_app','sourcepagefilterdetail'),(13,'user setting to source page','mybbs_app','usersettingtosourcepage');

/*Table structure for table `django_session` */

DROP TABLE IF EXISTS `django_session`;

CREATE TABLE `django_session` (
  `session_key` varchar(40) NOT NULL,
  `session_data` longtext NOT NULL,
  `expire_date` datetime NOT NULL,
  PRIMARY KEY (`session_key`),
  KEY `django_session_b7b81f0c` (`expire_date`)
) ENGINE=InnoDB DEFAULT CHARSET=utf8;

/*Data for the table `django_session` */

insert  into `django_session`(`session_key`,`session_data`,`expire_date`) values ('ht0g8nowijmto7vecel1tblrmka5u0yy','MGVmMjJmMWRhMWU5YjQ3NTgwOTI1YWFlNDk0Mjc0ZmFhNGU0MDhmMzp7Il9hdXRoX3VzZXJfYmFja2VuZCI6ImRqYW5nby5jb250cmliLmF1dGguYmFja2VuZHMuTW9kZWxCYWNrZW5kIiwiX2F1dGhfdXNlcl9pZCI6MX0=','2014-08-02 13:55:06');

/*Table structure for table `tbl_filter` */

DROP TABLE IF EXISTS `tbl_filter`;

CREATE TABLE `tbl_filter` (
  `version` int(11) NOT NULL,
  `created_by` varchar(100) NOT NULL,
  `created_dt` datetime NOT NULL,
  `updated_by` varchar(100) NOT NULL,
  `updated_dt` datetime NOT NULL,
  `id` char(32) NOT NULL,
  `filter_name` varchar(255) NOT NULL,
  `filter_class_name` varchar(255) NOT NULL,
  `filter_class_params` varchar(255) NOT NULL,
  `param_type` varchar(255) NOT NULL,
  `param_num` varchar(255) DEFAULT NULL,
  `set_param_method_name` varchar(255) NOT NULL,
  PRIMARY KEY (`id`)
) ENGINE=InnoDB DEFAULT CHARSET=utf8;

/*Data for the table `tbl_filter` */

insert  into `tbl_filter`(`version`,`created_by`,`created_dt`,`updated_by`,`updated_dt`,`id`,`filter_name`,`filter_class_name`,`filter_class_params`,`param_type`,`param_num`,`set_param_method_name`) values (0,'SYSTEM','2014-07-19 13:52:32','SYSTEM','2014-07-19 13:52:32','4028819d474d2dbc01474d2dcae00000','AndFilter','org.htmlparser.filters.AndFilter','[Lorg.htmlparser.NodeFilter;','String',NULL,'Construct'),(0,'SYSTEM','2014-07-19 13:52:32','SYSTEM','2014-07-19 13:52:32','4028819d474d2dbc01474d2dcc750001','CssSelectorNodeFilter','org.htmlparser.filters.CssSelectorNodeFilter','java.lang.String','String',NULL,'Construct'),(0,'SYSTEM','2014-07-19 13:52:32','SYSTEM','2014-07-19 13:52:32','4028819d474d2dbc01474d2dcc7a0002','HasAttributeFilter','org.htmlparser.filters.HasAttributeFilter','java.lang.String,java.lang.String','String',NULL,'Construct'),(0,'SYSTEM','2014-07-19 13:52:32','SYSTEM','2014-07-19 13:52:32','4028819d474d2dbc01474d2dcc7f0003','HasChildFilter','org.htmlparser.filters.HasChildFilter','org.htmlparser.NodeFilter','Node',NULL,'Construct'),(0,'SYSTEM','2014-07-19 13:52:32','SYSTEM','2014-07-19 13:52:32','4028819d474d2dbc01474d2dcc840004','HasParentFilter','org.htmlparser.filters.HasParentFilter','org.htmlparser.NodeFilter','Node',NULL,'Construct'),(0,'SYSTEM','2014-07-19 13:52:32','SYSTEM','2014-07-19 13:52:32','4028819d474d2dbc01474d2dcc880005','HasSiblingFilter','org.htmlparser.filters.HasSiblingFilter','org.htmlparser.NodeFilter','Node',NULL,'Construct'),(0,'SYSTEM','2014-07-19 13:52:32','SYSTEM','2014-07-19 13:52:32','4028819d474d2dbc01474d2dcc8c0006','IsEqualFilter','org.htmlparser.filters.IsEqualFilter','org.htmlparser.NodeFilter','Node',NULL,'Construct'),(0,'SYSTEM','2014-07-19 13:52:32','SYSTEM','2014-07-19 13:52:32','4028819d474d2dbc01474d2dcc910007','LinkRegexFilter','org.htmlparser.filters.LinkRegexFilter','java.lang.String','String',NULL,'Construct'),(0,'SYSTEM','2014-07-19 13:52:32','SYSTEM','2014-07-19 13:52:32','4028819d474d2dbc01474d2dcc970008','LinkStringFilter','org.htmlparser.filters.LinkStringFilter','java.lang.String','String',NULL,'Construct'),(0,'SYSTEM','2014-07-19 13:52:32','SYSTEM','2014-07-19 13:52:32','4028819d474d2dbc01474d2dcc9c0009','NodeClassFilter','org.htmlparser.filters.NodeClassFilter','java.lang.Class','Class',NULL,'Construct'),(0,'SYSTEM','2014-07-19 13:52:32','SYSTEM','2014-07-19 13:52:32','4028819d474d2dbc01474d2dcca2000a','NotFilter','org.htmlparser.filters.NotFilter','org.htmlparser.NodeFilter','Node',NULL,'Construct'),(0,'SYSTEM','2014-07-19 13:52:32','SYSTEM','2014-07-19 13:52:32','4028819d474d2dbc01474d2dcca6000b','OrFilter','org.htmlparser.filters.OrFilter','[Lorg.htmlparser.NodeFilter;','Node',NULL,'Construct'),(0,'SYSTEM','2014-07-19 13:52:32','SYSTEM','2014-07-19 13:52:32','4028819d474d2dbc01474d2dccab000c','RegexFilter','org.htmlparser.filters.RegexFilter','java.lang.String','String',NULL,'Construct'),(0,'SYSTEM','2014-07-19 13:52:32','SYSTEM','2014-07-19 13:52:32','4028819d474d2dbc01474d2dccb0000d','StringFilter','org.htmlparser.filters.StringFilter','java.lang.String','String',NULL,'Construct'),(0,'SYSTEM','2014-07-19 13:52:32','SYSTEM','2014-07-19 13:52:32','4028819d474d2dbc01474d2dccb4000e','TagNameFilter','org.htmlparser.filters.TagNameFilter','java.lang.String','String',NULL,'Construct');

/*Table structure for table `tbl_setting_to_source_page` */

DROP TABLE IF EXISTS `tbl_setting_to_source_page`;

CREATE TABLE `tbl_setting_to_source_page` (
  `id` int(11) NOT NULL AUTO_INCREMENT,
  `user_setting_id` char(32) NOT NULL,
  `source_page_id` char(32) NOT NULL,
  PRIMARY KEY (`id`),
  UNIQUE KEY `user_setting_id` (`user_setting_id`,`source_page_id`),
  KEY `tbl_setting_to_source_page_aa8ab8f5` (`user_setting_id`),
  KEY `tbl_setting_to_source_page_d3b4c775` (`source_page_id`),
  CONSTRAINT `source_page_id_refs_id_d735312d` FOREIGN KEY (`source_page_id`) REFERENCES `tbl_source_page` (`id`),
  CONSTRAINT `user_setting_id_refs_id_0e74b878` FOREIGN KEY (`user_setting_id`) REFERENCES `tbl_user_setting` (`id`)
) ENGINE=InnoDB AUTO_INCREMENT=10 DEFAULT CHARSET=utf8;

/*Data for the table `tbl_setting_to_source_page` */

insert  into `tbl_setting_to_source_page`(`id`,`user_setting_id`,`source_page_id`) values (1,'4fbf6d3f0b8c4f4a987219e3e041aee0','4028819d474d2df401474d2e0111000c'),(2,'4fbf6d3f0b8c4f4a987219e3e041aee0','4028819d474d2df401474d2e01440014'),(3,'4fbf6d3f0b8c4f4a987219e3e041aee0','4028819d475166e9014751670e680000'),(5,'4fbf6d3f0b8c4f4a987219e3e041aee0','4028819d475166e9014751670e78000a'),(4,'4fbf6d3f0b8c4f4a987219e3e041aee0','4028819d475166e9014751670e7b000d'),(6,'4fbf6d3f0b8c4f4a987219e3e041aee0','4028819d475166e9014751670f540123'),(7,'c946f3c8f708422f82680c6a7817c50a','4028819d474d2df401474d2e0111000c'),(8,'c946f3c8f708422f82680c6a7817c50a','4028819d474d2df401474d2e01440014');

/*Table structure for table `tbl_source_page` */

DROP TABLE IF EXISTS `tbl_source_page`;

CREATE TABLE `tbl_source_page` (
  `version` int(11) NOT NULL,
  `created_by` varchar(100) NOT NULL,
  `created_dt` datetime NOT NULL,
  `updated_by` varchar(100) NOT NULL,
  `updated_dt` datetime NOT NULL,
  `id` char(32) NOT NULL,
  `target_page_name` varchar(255) NOT NULL,
  `target_page_url` varchar(255) NOT NULL,
  `category` varchar(255) NOT NULL,
  `status` varchar(1) NOT NULL,
  `domain_name` varchar(255) NOT NULL,
  `md5_code` varchar(255) DEFAULT NULL,
  `sample_sp_id` char(32) DEFAULT NULL,
  `unique_label` varchar(255) DEFAULT NULL,
  `sub_sp_domain_name` varchar(255) DEFAULT NULL,
  `sample_sp_id_for_navi_sp` char(32) DEFAULT NULL,
  `sp_sample_id` varchar(255) DEFAULT NULL,
  PRIMARY KEY (`id`),
  KEY `tbl_source_page_900f7f69` (`sample_sp_id`),
  KEY `tbl_source_page_2c35cf05` (`sample_sp_id_for_navi_sp`),
  CONSTRAINT `sample_sp_id_for_navi_sp_refs_id_a060e8f4` FOREIGN KEY (`sample_sp_id_for_navi_sp`) REFERENCES `tbl_source_page_sample` (`id`),
  CONSTRAINT `sample_sp_id_refs_id_0f8d2531` FOREIGN KEY (`sample_sp_id`) REFERENCES `tbl_source_page_sample` (`id`)
) ENGINE=InnoDB DEFAULT CHARSET=utf8;

/*Data for the table `tbl_source_page` */

insert  into `tbl_source_page`(`version`,`created_by`,`created_dt`,`updated_by`,`updated_dt`,`id`,`target_page_name`,`target_page_url`,`category`,`status`,`domain_name`,`md5_code`,`sample_sp_id`,`unique_label`,`sub_sp_domain_name`,`sample_sp_id_for_navi_sp`,`sp_sample_id`) values (14,'SYSTEM','2014-07-19 13:52:46','SYSTEM','2014-07-20 12:09:01','4028819d474d2df401474d2e0111000c','天涯论坛首页热帖','http://bbs.tianya.cn','T','A','http://bbs.tianya.cn','e293f2c4942367812d7b1b1f7d3ee495','4028819d474d2df401474d2e00490000','','',NULL,'4028819d474d2df401474d2e00490000'),(14,'SYSTEM','2014-07-19 13:52:46','SYSTEM','2014-07-20 12:09:03','4028819d474d2df401474d2e01440014','简书首页','http://jianshu.io','T','A','http://jianshu.io','b89ba80edb1bbaaaead908ef1f754940','4028819d474d2df401474d2e0127000d','','',NULL,'4028819d474d2df401474d2e0127000d'),(5,'SYSTEM','2014-07-20 09:33:34','SYSTEM','2014-07-20 11:40:31','4028819d475166e9014751670e680000','天涯 - 天涯杂谈','http://bbs.tianya.cn/list-free-1.shtml','T','A','http://bbs.tianya.cn','209e43420ce824fbd595485614b57130',NULL,'天涯 - 天涯杂谈',NULL,NULL,'f614fe3cb2ab4eaa95605290ac6f7673'),(3,'SYSTEM','2014-07-20 09:33:34','SYSTEM','2014-07-20 10:50:50','4028819d475166e9014751670e700001','天涯 - 法治论坛','http://bbs.tianya.cn/list-law-1.shtml','T','A','http://bbs.tianya.cn','b7526575c6541d427dcc6162fe4e3727',NULL,'天涯 - 法治论坛',NULL,NULL,'f614fe3cb2ab4eaa95605290ac6f7673'),(3,'SYSTEM','2014-07-20 09:33:34','SYSTEM','2014-07-20 10:50:50','4028819d475166e9014751670e710002','天涯 - 我的大学','http://bbs.tianya.cn/list-university-1.shtml','T','A','http://bbs.tianya.cn','314f424ca2a74ca36f612ac745348737',NULL,'天涯 - 我的大学',NULL,NULL,'f614fe3cb2ab4eaa95605290ac6f7673'),(3,'SYSTEM','2014-07-20 09:33:34','SYSTEM','2014-07-20 10:50:43','4028819d475166e9014751670e720003','天涯 - 中山大学','http://bbs.tianya.cn/list-730-1.shtml','T','A','http://bbs.tianya.cn','fa34a9088999f2f327422fb2f337e451',NULL,'天涯 - 中山大学',NULL,NULL,'f614fe3cb2ab4eaa95605290ac6f7673'),(3,'SYSTEM','2014-07-20 09:33:34','SYSTEM','2014-07-20 10:50:53','4028819d475166e9014751670e730004','天涯 - 百姓声音','http://bbs.tianya.cn/list-828-1.shtml','T','A','http://bbs.tianya.cn','ba9ea965274c10c340589c00214b5991',NULL,'天涯 - 百姓声音',NULL,NULL,'f614fe3cb2ab4eaa95605290ac6f7673'),(3,'SYSTEM','2014-07-20 09:33:34','SYSTEM','2014-07-20 10:50:50','4028819d475166e9014751670e740005','天涯 - 经济论坛','http://bbs.tianya.cn/list-develop-1.shtml','T','A','http://bbs.tianya.cn','660bbf4ca0728911fe7087cc6eb0b5c2',NULL,'天涯 - 经济论坛',NULL,NULL,'f614fe3cb2ab4eaa95605290ac6f7673'),(3,'SYSTEM','2014-07-20 09:33:34','SYSTEM','2014-07-20 10:50:45','4028819d475166e9014751670e750006','天涯 - 天天315','http://bbs.tianya.cn/list-837-1.shtml','T','A','http://bbs.tianya.cn','4398de1959e812bcdee90698507ddcb9',NULL,'天涯 - 天天315',NULL,NULL,'f614fe3cb2ab4eaa95605290ac6f7673'),(3,'SYSTEM','2014-07-20 09:33:34','SYSTEM','2014-07-20 10:50:53','4028819d475166e9014751670e760007','天涯 - 舞文弄墨','http://bbs.tianya.cn/list-culture-1.shtml','T','A','http://bbs.tianya.cn','d459775623dec5c28fdaac06231aadf6',NULL,'天涯 - 舞文弄墨',NULL,NULL,'f614fe3cb2ab4eaa95605290ac6f7673'),(3,'SYSTEM','2014-07-20 09:33:34','SYSTEM','2014-07-20 10:50:42','4028819d475166e9014751670e770008','天涯 - 视频专区','http://bbs.tianya.cn/list-665-1.shtml','T','A','http://bbs.tianya.cn','51bff1febee12784bd44ecc7ff741e3d',NULL,'天涯 - 视频专区',NULL,NULL,'f614fe3cb2ab4eaa95605290ac6f7673'),(3,'SYSTEM','2014-07-20 09:33:34','SYSTEM','2014-07-20 10:50:45','4028819d475166e9014751670e770009','天涯 - 情感天地','http://bbs.tianya.cn/list-feeling-1.shtml','T','A','http://bbs.tianya.cn','a165883659833d4ee20177f0dacfa592',NULL,'天涯 - 情感天地',NULL,NULL,'f614fe3cb2ab4eaa95605290ac6f7673'),(5,'SYSTEM','2014-07-20 09:33:34','SYSTEM','2014-07-20 11:40:31','4028819d475166e9014751670e78000a','天涯 - 时尚资讯','http://bbs.tianya.cn/list-no11-1.shtml','T','A','http://bbs.tianya.cn','90818e07e5e7ffc6116f443f9133b89e',NULL,'天涯 - 时尚资讯',NULL,NULL,'f614fe3cb2ab4eaa95605290ac6f7673'),(3,'SYSTEM','2014-07-20 09:33:34','SYSTEM','2014-07-20 10:50:45','4028819d475166e9014751670e79000b','天涯 - 游戏地带','http://bbs.tianya.cn/list-play-1.shtml','T','A','http://bbs.tianya.cn','444e7db09e2b4d09d5813d310bd0fe13',NULL,'天涯 - 游戏地带',NULL,NULL,'f614fe3cb2ab4eaa95605290ac6f7673'),(3,'SYSTEM','2014-07-20 09:33:34','SYSTEM','2014-07-20 10:50:47','4028819d475166e9014751670e7a000c','天涯 - 煮酒论史','http://bbs.tianya.cn/list-no05-1.shtml','T','A','http://bbs.tianya.cn','0b73c941b3252ec4d437206c00e41abd',NULL,'天涯 - 煮酒论史',NULL,NULL,'f614fe3cb2ab4eaa95605290ac6f7673'),(5,'SYSTEM','2014-07-20 09:33:34','SYSTEM','2014-07-20 11:40:33','4028819d475166e9014751670e7b000d','天涯 - 闲闲书话','http://bbs.tianya.cn/list-books-1.shtml','T','A','http://bbs.tianya.cn','75355945015af106688c82b5b013c1a1',NULL,'天涯 - 闲闲书话',NULL,NULL,'f614fe3cb2ab4eaa95605290ac6f7673'),(3,'SYSTEM','2014-07-20 09:33:34','SYSTEM','2014-07-20 10:50:48','4028819d475166e9014751670e7c000e','天涯 - 散文天下','http://bbs.tianya.cn/list-no16-1.shtml','T','A','http://bbs.tianya.cn','ea43dcc53751207f69ec3552ec25c841',NULL,'天涯 - 散文天下',NULL,NULL,'f614fe3cb2ab4eaa95605290ac6f7673'),(3,'SYSTEM','2014-07-20 09:33:34','SYSTEM','2014-07-20 10:50:45','4028819d475166e9014751670e7e000f','天涯 - 天涯诗会','http://bbs.tianya.cn/list-poem-1.shtml','T','A','http://bbs.tianya.cn','5eafa175e06eddec2d14e3bf82d0e604',NULL,'天涯 - 天涯诗会',NULL,NULL,'f614fe3cb2ab4eaa95605290ac6f7673'),(3,'SYSTEM','2014-07-20 09:33:34','SYSTEM','2014-07-20 10:50:43','4028819d475166e9014751670e7f0010','天涯 - 诗词比兴','http://bbs.tianya.cn/list-no02-1.shtml','T','A','http://bbs.tianya.cn','163099961966f797bd79c09ddb57d8f7',NULL,'天涯 - 诗词比兴',NULL,NULL,'f614fe3cb2ab4eaa95605290ac6f7673'),(3,'SYSTEM','2014-07-20 09:33:34','SYSTEM','2014-07-20 10:50:42','4028819d475166e9014751670e800011','天涯 - 莲蓬鬼话','http://bbs.tianya.cn/list-16-1.shtml','T','A','http://bbs.tianya.cn','cf1f1272138fd36f660ff8d058f2d1f2',NULL,'天涯 - 莲蓬鬼话',NULL,NULL,'f614fe3cb2ab4eaa95605290ac6f7673'),(3,'SYSTEM','2014-07-20 09:33:34','SYSTEM','2014-07-20 10:50:42','4028819d475166e9014751670e810012','天涯 - 房产观澜','http://bbs.tianya.cn/list-house-1.shtml','T','A','http://bbs.tianya.cn','efa3670d9a05b8983fafdb2e840b7434',NULL,'天涯 - 房产观澜',NULL,NULL,'f614fe3cb2ab4eaa95605290ac6f7673'),(3,'SYSTEM','2014-07-20 09:33:34','SYSTEM','2014-07-20 10:50:49','4028819d475166e9014751670e820013','天涯 - 股市论谈','http://bbs.tianya.cn/list-stocks-1.shtml','T','A','http://bbs.tianya.cn','a1e7b969d9750cf87ca40f7a208044d4',NULL,'天涯 - 股市论谈',NULL,NULL,'f614fe3cb2ab4eaa95605290ac6f7673'),(3,'SYSTEM','2014-07-20 09:33:34','SYSTEM','2014-07-20 10:50:43','4028819d475166e9014751670e830014','天涯 - 理财前线','http://bbs.tianya.cn/list-no22-1.shtml','T','A','http://bbs.tianya.cn','f6fca8d1fae4fc0d8f953991ec04022e',NULL,'天涯 - 理财前线',NULL,NULL,'f614fe3cb2ab4eaa95605290ac6f7673'),(3,'SYSTEM','2014-07-20 09:33:34','SYSTEM','2014-07-20 10:50:46','4028819d475166e9014751670e830015','天涯 - 职场天地','http://bbs.tianya.cn/list-no20-1.shtml','T','A','http://bbs.tianya.cn','f77c8082ef6893b2c9f039ab1443da50',NULL,'天涯 - 职场天地',NULL,NULL,'f614fe3cb2ab4eaa95605290ac6f7673'),(3,'SYSTEM','2014-07-20 09:33:34','SYSTEM','2014-07-20 10:50:51','4028819d475166e9014751670e840016','天涯 - 创业家园','http://bbs.tianya.cn/list-enterprise-1.shtml','T','A','http://bbs.tianya.cn','82d3a7aaa4adcb3b10a55a91bd24ed9b',NULL,'天涯 - 创业家园',NULL,NULL,'f614fe3cb2ab4eaa95605290ac6f7673'),(3,'SYSTEM','2014-07-20 09:33:34','SYSTEM','2014-07-20 10:50:51','4028819d475166e9014751670e850017','天涯 - 汽车时代','http://bbs.tianya.cn/list-cars-1.shtml','T','A','http://bbs.tianya.cn','f45a3908bca2bf8c8b2989d09b04f7b3',NULL,'天涯 - 汽车时代',NULL,NULL,'f614fe3cb2ab4eaa95605290ac6f7673'),(3,'SYSTEM','2014-07-20 09:33:34','SYSTEM','2014-07-20 10:50:42','4028819d475166e9014751670e860018','天涯 - ＩＴ视界','http://bbs.tianya.cn/list-itinfo-1.shtml','T','A','http://bbs.tianya.cn','b564bf6360c330f1d59e429bf83c4e22',NULL,'天涯 - ＩＴ视界',NULL,NULL,'f614fe3cb2ab4eaa95605290ac6f7673'),(3,'SYSTEM','2014-07-20 09:33:34','SYSTEM','2014-07-20 10:50:56','4028819d475166e9014751670e870019','天涯 - 华为世界','http://bbs.tianya.cn/list-516-1.shtml','T','A','http://bbs.tianya.cn','5cf73c50c0eb97b5fef3e72e5c6a458f',NULL,'天涯 - 华为世界',NULL,NULL,'f614fe3cb2ab4eaa95605290ac6f7673'),(3,'SYSTEM','2014-07-20 09:33:34','SYSTEM','2014-07-20 10:50:48','4028819d475166e9014751670e88001a','天涯 - 数码生活','http://bbs.tianya.cn/list-numtechnoloy-1.shtml','T','A','http://bbs.tianya.cn','f9839bd0bde3f9263ef61df8ee6f1853',NULL,'天涯 - 数码生活',NULL,NULL,'f614fe3cb2ab4eaa95605290ac6f7673'),(3,'SYSTEM','2014-07-20 09:33:34','SYSTEM','2014-07-20 10:50:49','4028819d475166e9014751670e89001b','天涯 - 传媒江湖','http://bbs.tianya.cn/list-no06-1.shtml','T','A','http://bbs.tianya.cn','e07807051c53809371eeda43f57910cf',NULL,'天涯 - 传媒江湖',NULL,NULL,'f614fe3cb2ab4eaa95605290ac6f7673'),(3,'SYSTEM','2014-07-20 09:33:34','SYSTEM','2014-07-20 10:50:42','4028819d475166e9014751670e8a001c','天涯 - 新闻众评','http://bbs.tianya.cn/list-news-1.shtml','T','A','http://bbs.tianya.cn','0be7fe8ba30301c22137e8135707ae89',NULL,'天涯 - 新闻众评',NULL,NULL,'f614fe3cb2ab4eaa95605290ac6f7673'),(3,'SYSTEM','2014-07-20 09:33:34','SYSTEM','2014-07-20 10:50:50','4028819d475166e9014751670e8a001d','天涯 - 国际观察','http://bbs.tianya.cn/list-worldlook-1.shtml','T','A','http://bbs.tianya.cn','6362086e48dcfa29d2c4a0336806326a',NULL,'天涯 - 国际观察',NULL,NULL,'f614fe3cb2ab4eaa95605290ac6f7673'),(3,'SYSTEM','2014-07-20 09:33:34','SYSTEM','2014-07-20 10:50:45','4028819d475166e9014751670e8b001e','天涯 - 台湾风云','http://bbs.tianya.cn/list-333-1.shtml','T','A','http://bbs.tianya.cn','b6ea6f7d994b57a36c7344259099421d',NULL,'天涯 - 台湾风云',NULL,NULL,'f614fe3cb2ab4eaa95605290ac6f7673'),(3,'SYSTEM','2014-07-20 09:33:34','SYSTEM','2014-07-20 10:50:43','4028819d475166e9014751670e8c001f','天涯 - 亚洲论坛','http://bbs.tianya.cn/list-1089-1.shtml','T','A','http://bbs.tianya.cn','b3f04ddbf9f39b1d93f3e7a446e5762d',NULL,'天涯 - 亚洲论坛',NULL,NULL,'f614fe3cb2ab4eaa95605290ac6f7673'),(3,'SYSTEM','2014-07-20 09:33:34','SYSTEM','2014-07-20 10:51:01','4028819d475166e9014751670e8d0020','天涯 - 关天茶舍','http://bbs.tianya.cn/list-no01-1.shtml','T','A','http://bbs.tianya.cn','2da4ea77ca3972a127220e66cf4fb6d2',NULL,'天涯 - 关天茶舍',NULL,NULL,'f614fe3cb2ab4eaa95605290ac6f7673'),(3,'SYSTEM','2014-07-20 09:33:34','SYSTEM','2014-07-20 10:50:52','4028819d475166e9014751670e8e0021','天涯 - 球迷一家','http://bbs.tianya.cn/list-fans-1.shtml','T','A','http://bbs.tianya.cn','bc71a6051f70c5912152b0141d4b2a12',NULL,'天涯 - 球迷一家',NULL,NULL,'f614fe3cb2ab4eaa95605290ac6f7673'),(3,'SYSTEM','2014-07-20 09:33:34','SYSTEM','2014-07-20 10:50:43','4028819d475166e9014751670e8f0022','天涯 - 篮球公园','http://bbs.tianya.cn/list-basketball-1.shtml','T','A','http://bbs.tianya.cn','a302ff9b071122b1affd8692a5dcaabf',NULL,'天涯 - 篮球公园',NULL,NULL,'f614fe3cb2ab4eaa95605290ac6f7673'),(3,'SYSTEM','2014-07-20 09:33:34','SYSTEM','2014-07-20 10:50:49','4028819d475166e9014751670e900023','天涯 - 旅游休闲','http://bbs.tianya.cn/list-travel-1.shtml','T','A','http://bbs.tianya.cn','b67fd6df22137e0339a6e8e0ddd78edf',NULL,'天涯 - 旅游休闲',NULL,NULL,'f614fe3cb2ab4eaa95605290ac6f7673'),(3,'SYSTEM','2014-07-20 09:33:34','SYSTEM','2014-07-20 10:50:42','4028819d475166e9014751670e910024','天涯 - 饮食男女','http://bbs.tianya.cn/list-96-1.shtml','T','A','http://bbs.tianya.cn','ae1c95ad21612671d574b7bf55f740e5',NULL,'天涯 - 饮食男女',NULL,NULL,'f614fe3cb2ab4eaa95605290ac6f7673'),(3,'SYSTEM','2014-07-20 09:33:34','SYSTEM','2014-07-20 10:50:53','4028819d475166e9014751670e910025','天涯 - 我爱网购','http://bbs.tianya.cn/list-768-1.shtml','T','A','http://bbs.tianya.cn','b8ccb38e8b4a674b192ac6c2d6309c4c',NULL,'天涯 - 我爱网购',NULL,NULL,'f614fe3cb2ab4eaa95605290ac6f7673'),(3,'SYSTEM','2014-07-20 09:33:34','SYSTEM','2014-07-20 10:50:50','4028819d475166e9014751670e920026','天涯 - 亲子中心','http://bbs.tianya.cn/list-98-1.shtml','T','A','http://bbs.tianya.cn','bdb6759c7198320153f6df04385c4cf0',NULL,'天涯 - 亲子中心',NULL,NULL,'f614fe3cb2ab4eaa95605290ac6f7673'),(3,'SYSTEM','2014-07-20 09:33:34','SYSTEM','2014-07-20 10:50:50','4028819d475166e9014751670e930027','天涯 - 海外华人','http://bbs.tianya.cn/list-outseachina-1.shtml','T','A','http://bbs.tianya.cn','934088f174b9e234b6cf09487ea6f7c8',NULL,'天涯 - 海外华人',NULL,NULL,'f614fe3cb2ab4eaa95605290ac6f7673'),(3,'SYSTEM','2014-07-20 09:33:34','SYSTEM','2014-07-20 10:50:47','4028819d475166e9014751670e940028','天涯 - 天涯医院','http://bbs.tianya.cn/list-100-1.shtml','T','A','http://bbs.tianya.cn','703ebab47ea87c002c5219584dd8c694',NULL,'天涯 - 天涯医院',NULL,NULL,'f614fe3cb2ab4eaa95605290ac6f7673'),(3,'SYSTEM','2014-07-20 09:33:34','SYSTEM','2014-07-20 10:50:54','4028819d475166e9014751670e950029','天涯 - 心灵热线','http://bbs.tianya.cn/list-spirit-1.shtml','T','A','http://bbs.tianya.cn','982c4bfad6648e44b4d19aaaebaf7625',NULL,'天涯 - 心灵热线',NULL,NULL,'f614fe3cb2ab4eaa95605290ac6f7673'),(3,'SYSTEM','2014-07-20 09:33:34','SYSTEM','2014-07-20 10:50:43','4028819d475166e9014751670e96002a','天涯 - 婆媳关系','http://bbs.tianya.cn/list-934-1.shtml','T','A','http://bbs.tianya.cn','16243197d50e8035d4d22746df739529',NULL,'天涯 - 婆媳关系',NULL,NULL,'f614fe3cb2ab4eaa95605290ac6f7673'),(3,'SYSTEM','2014-07-20 09:33:34','SYSTEM','2014-07-20 10:50:53','4028819d475166e9014751670e97002b','天涯 - 一路同行','http://bbs.tianya.cn/list-motss-1.shtml','T','A','http://bbs.tianya.cn','84593f12843399855140d87b4b4a7786',NULL,'天涯 - 一路同行',NULL,NULL,'f614fe3cb2ab4eaa95605290ac6f7673'),(3,'SYSTEM','2014-07-20 09:33:34','SYSTEM','2014-07-20 10:50:44','4028819d475166e9014751670e97002c','天涯 - 灌水专区','http://bbs.tianya.cn/list-water-1.shtml','T','A','http://bbs.tianya.cn','15b371f9cd272139dae91d2727b07844',NULL,'天涯 - 灌水专区',NULL,NULL,'f614fe3cb2ab4eaa95605290ac6f7673'),(3,'SYSTEM','2014-07-20 09:33:34','SYSTEM','2014-07-20 10:50:50','4028819d475166e9014751670e98002d','天涯 - 娱乐八卦','http://bbs.tianya.cn/list-funinfo-1.shtml','T','A','http://bbs.tianya.cn','718ac26c9f7e65dec7d00ef8f85808bb',NULL,'天涯 - 娱乐八卦',NULL,NULL,'f614fe3cb2ab4eaa95605290ac6f7673'),(3,'SYSTEM','2014-07-20 09:33:34','SYSTEM','2014-07-20 10:50:45','4028819d475166e9014751670e99002e','天涯 - 青春那点事','http://bbs.tianya.cn/list-1095-1.shtml','T','A','http://bbs.tianya.cn','48e895f563a8d8deffb8750de8e3de06',NULL,'天涯 - 青春那点事',NULL,NULL,'f614fe3cb2ab4eaa95605290ac6f7673'),(3,'SYSTEM','2014-07-20 09:33:34','SYSTEM','2014-07-20 10:50:45','4028819d475166e9014751670e9a002f','天涯 - 天涯真我','http://bbs.tianya.cn/list-tianyamyself-1.shtml','T','A','http://bbs.tianya.cn','6eee2dc953fabcb8e924e8abd7da0af1',NULL,'天涯 - 天涯真我',NULL,NULL,'f614fe3cb2ab4eaa95605290ac6f7673'),(3,'SYSTEM','2014-07-20 09:33:34','SYSTEM','2014-07-20 10:50:52','4028819d475166e9014751670e9b0030','天涯 - 影视评论','http://bbs.tianya.cn/list-filmtv-1.shtml','T','A','http://bbs.tianya.cn','8afcbd8d5180e0a0b25fc4d616e6ff0b',NULL,'天涯 - 影视评论',NULL,NULL,'f614fe3cb2ab4eaa95605290ac6f7673'),(3,'SYSTEM','2014-07-20 09:33:34','SYSTEM','2014-07-20 10:50:51','4028819d475166e9014751670e9c0031','天涯 - 音乐天地','http://bbs.tianya.cn/list-music-1.shtml','T','A','http://bbs.tianya.cn','71dbe97ae1b4ec77c6a9d57e3f1aa75e',NULL,'天涯 - 音乐天地',NULL,NULL,'f614fe3cb2ab4eaa95605290ac6f7673'),(3,'SYSTEM','2014-07-20 09:33:34','SYSTEM','2014-07-20 10:50:50','4028819d475166e9014751670e9d0032','天涯 - 开心乐园','http://bbs.tianya.cn/list-14-1.shtml','T','A','http://bbs.tianya.cn','bce4ecbe892bb8fad35a46896a835fd7',NULL,'天涯 - 开心乐园',NULL,NULL,'f614fe3cb2ab4eaa95605290ac6f7673'),(3,'SYSTEM','2014-07-20 09:33:34','SYSTEM','2014-07-20 10:50:42','4028819d475166e9014751670e9d0033','天涯 - 贴图专区','http://bbs.tianya.cn/list-no04-1.shtml','T','A','http://bbs.tianya.cn','f57e7e0340b7f25bfd5aebb7fb315a62',NULL,'天涯 - 贴图专区',NULL,NULL,'f614fe3cb2ab4eaa95605290ac6f7673'),(3,'SYSTEM','2014-07-20 09:33:34','SYSTEM','2014-07-20 10:50:42','4028819d475166e9014751670e9e0034','天涯 - 英语杂谈','http://bbs.tianya.cn/list-english-1.shtml','T','A','http://bbs.tianya.cn','472529a4ba11c9f2d0aa40d3b536a094',NULL,'天涯 - 英语杂谈',NULL,NULL,'f614fe3cb2ab4eaa95605290ac6f7673'),(3,'SYSTEM','2014-07-20 09:33:34','SYSTEM','2014-07-20 10:50:45','4028819d475166e9014751670e9f0035','天涯 - 了望天涯','http://bbs.tianya.cn/list-lookout-1.shtml','T','A','http://bbs.tianya.cn','08fb031d6dc65a300bc05999d345620e',NULL,'天涯 - 了望天涯',NULL,NULL,'f614fe3cb2ab4eaa95605290ac6f7673'),(3,'SYSTEM','2014-07-20 09:33:34','SYSTEM','2014-07-20 10:50:48','4028819d475166e9014751670ea00036','天涯 - 温暖迹忆','http://bbs.tianya.cn/list-1013-1.shtml','T','A','http://bbs.tianya.cn','4a52a5933c347ee98306d8f4691067c3',NULL,'天涯 - 温暖迹忆',NULL,NULL,'f614fe3cb2ab4eaa95605290ac6f7673'),(3,'SYSTEM','2014-07-20 09:33:34','SYSTEM','2014-07-20 10:50:46','4028819d475166e9014751670ea10037','天涯 - 天香赌坊','http://bbs.tianya.cn/list-137-1.shtml','T','A','http://bbs.tianya.cn','29c7ae82e03a58241f67486d02648511',NULL,'天涯 - 天香赌坊',NULL,NULL,'f614fe3cb2ab4eaa95605290ac6f7673'),(1,'SYSTEM','2014-07-20 09:33:34','SYSTEM','2014-07-20 09:42:50','4028819d475166e9014751670ea20038','天涯 - 天涯共此时','http://bbs.tianya.cn/list-810-1.shtml','T','A','http://bbs.tianya.cn','13634c35ecae25ff585a5bc57b476d2a',NULL,'天涯 - 天涯共此时',NULL,NULL,'f614fe3cb2ab4eaa95605290ac6f7673'),(2,'SYSTEM','2014-07-20 09:33:34','SYSTEM','2014-07-20 10:50:45','4028819d475166e9014751670ea30039','天涯 - 天涯婚礼堂','http://bbs.tianya.cn/list-24-1.shtml','T','A','http://bbs.tianya.cn','15ec90e1794ed6627a7e07bd93be9cb3',NULL,'天涯 - 天涯婚礼堂',NULL,NULL,'f614fe3cb2ab4eaa95605290ac6f7673'),(3,'SYSTEM','2014-07-20 09:33:34','SYSTEM','2014-07-20 10:50:53','4028819d475166e9014751670ea4003a','天涯 - 天涯玫瑰园','http://bbs.tianya.cn/list-409-1.shtml','T','A','http://bbs.tianya.cn','88991938b706e6554ce955e4c103a711',NULL,'天涯 - 天涯玫瑰园',NULL,NULL,'f614fe3cb2ab4eaa95605290ac6f7673'),(2,'SYSTEM','2014-07-20 09:33:34','SYSTEM','2014-07-20 10:50:52','4028819d475166e9014751670ea5003b','天涯 - 天涯居委会','http://bbs.tianya.cn/list-172-1.shtml','T','A','http://bbs.tianya.cn','88084f6d5478b3cb47e2620c9af1e918',NULL,'天涯 - 天涯居委会',NULL,NULL,'f614fe3cb2ab4eaa95605290ac6f7673'),(1,'SYSTEM','2014-07-20 09:33:34','SYSTEM','2014-07-20 09:42:56','4028819d475166e9014751670ea7003c','天涯 - 天涯秀场','http://bbs.tianya.cn/list-410-1.shtml','T','A','http://bbs.tianya.cn','db057def8e02741f212b2e3400c9795d',NULL,'天涯 - 天涯秀场',NULL,NULL,'f614fe3cb2ab4eaa95605290ac6f7673'),(1,'SYSTEM','2014-07-20 09:33:34','SYSTEM','2014-07-20 09:42:55','4028819d475166e9014751670ea8003d','天涯 - 天涯有我','http://bbs.tianya.cn/list-168-1.shtml','T','A','http://bbs.tianya.cn','c290ff30fd105f3eeeeaa4a64276b332',NULL,'天涯 - 天涯有我',NULL,NULL,'f614fe3cb2ab4eaa95605290ac6f7673'),(2,'SYSTEM','2014-07-20 09:33:34','SYSTEM','2014-07-20 10:50:45','4028819d475166e9014751670ea9003e','天涯 - 天涯志','http://bbs.tianya.cn/list-174-1.shtml','T','A','http://bbs.tianya.cn','26e3886e1f4d7fefaf6103c8fc6b6110',NULL,'天涯 - 天涯志',NULL,NULL,'f614fe3cb2ab4eaa95605290ac6f7673'),(3,'SYSTEM','2014-07-20 09:33:34','SYSTEM','2014-07-20 10:50:43','4028819d475166e9014751670eaa003f','天涯 - 大话天涯','http://bbs.tianya.cn/list-31-1.shtml','T','A','http://bbs.tianya.cn','b9921b921be6e3014e37844e86f462d2',NULL,'天涯 - 大话天涯',NULL,NULL,'f614fe3cb2ab4eaa95605290ac6f7673'),(2,'SYSTEM','2014-07-20 09:33:34','SYSTEM','2014-07-20 10:19:54','4028819d475166e9014751670eaa0040','天涯 - 天涯交易所','http://bbs.tianya.cn/list-411-1.shtml','T','A','http://bbs.tianya.cn','90c02f62918a2ed3d8bc6fcbb3c06550',NULL,'天涯 - 天涯交易所',NULL,NULL,'f614fe3cb2ab4eaa95605290ac6f7673'),(3,'SYSTEM','2014-07-20 09:33:34','SYSTEM','2014-07-20 10:50:51','4028819d475166e9014751670eab0041','天涯 - 学术中国','http://bbs.tianya.cn/list-666-1.shtml','T','A','http://bbs.tianya.cn','e00ace7997a160e25615b6d0c2d08da5',NULL,'天涯 - 学术中国',NULL,NULL,'f614fe3cb2ab4eaa95605290ac6f7673'),(1,'SYSTEM','2014-07-20 09:33:34','SYSTEM','2014-07-20 09:43:00','4028819d475166e9014751670eac0042','天涯 - 人物研究','http://bbs.tianya.cn/list-113-1.shtml','T','A','http://bbs.tianya.cn','b6bcf3ef5b231a1ca6f59d53d477c6b7',NULL,'天涯 - 人物研究',NULL,NULL,'f614fe3cb2ab4eaa95605290ac6f7673'),(2,'SYSTEM','2014-07-20 09:33:34','SYSTEM','2014-07-20 10:20:03','4028819d475166e9014751670eac0043','天涯 - 个性90后','http://bbs.tianya.cn/list-780-1.shtml','T','A','http://bbs.tianya.cn','61a2cdfdc31993259f15dc74b655c3bd',NULL,'天涯 - 个性90后',NULL,NULL,'f614fe3cb2ab4eaa95605290ac6f7673'),(3,'SYSTEM','2014-07-20 09:33:34','SYSTEM','2014-07-20 10:50:43','4028819d475166e9014751670ead0044','天涯 - 生于八十','http://bbs.tianya.cn/list-210-1.shtml','T','A','http://bbs.tianya.cn','e24ccee316224c00a628987ccf3ca021',NULL,'天涯 - 生于八十',NULL,NULL,'f614fe3cb2ab4eaa95605290ac6f7673'),(3,'SYSTEM','2014-07-20 09:33:34','SYSTEM','2014-07-20 10:50:52','4028819d475166e9014751670eae0045','天涯 - 七十年代','http://bbs.tianya.cn/list-420-1.shtml','T','A','http://bbs.tianya.cn','0dae65914c0234e73200c10f00b5370f',NULL,'天涯 - 七十年代',NULL,NULL,'f614fe3cb2ab4eaa95605290ac6f7673'),(2,'SYSTEM','2014-07-20 09:33:34','SYSTEM','2014-07-20 10:50:43','4028819d475166e9014751670eaf0046','天涯 - 民间语文','http://bbs.tianya.cn/list-943-1.shtml','T','A','http://bbs.tianya.cn','bd9e8d4ec6e2d1b9e050adf0e53a5f26',NULL,'天涯 - 民间语文',NULL,NULL,'f614fe3cb2ab4eaa95605290ac6f7673'),(3,'SYSTEM','2014-07-20 09:33:34','SYSTEM','2014-07-20 10:50:48','4028819d475166e9014751670eaf0047','天涯 - 国学论道','http://bbs.tianya.cn/list-647-1.shtml','T','A','http://bbs.tianya.cn','c34b2cfff851f0cc2964f0457f392ac3',NULL,'天涯 - 国学论道',NULL,NULL,'f614fe3cb2ab4eaa95605290ac6f7673'),(1,'SYSTEM','2014-07-20 09:33:34','SYSTEM','2014-07-20 09:42:47','4028819d475166e9014751670eb00048','天涯 - 环保先锋','http://bbs.tianya.cn/list-157-1.shtml','T','A','http://bbs.tianya.cn','f8f29f2e0e9ef8ff03867084f1966b91',NULL,'天涯 - 环保先锋',NULL,NULL,'f614fe3cb2ab4eaa95605290ac6f7673'),(3,'SYSTEM','2014-07-20 09:33:34','SYSTEM','2014-07-20 10:50:52','4028819d475166e9014751670eb10049','天涯 - 天涯互助','http://bbs.tianya.cn/list-help-1.shtml','T','A','http://bbs.tianya.cn','353f1638cec85321dbabe83c240d6741',NULL,'天涯 - 天涯互助',NULL,NULL,'f614fe3cb2ab4eaa95605290ac6f7673'),(3,'SYSTEM','2014-07-20 09:33:34','SYSTEM','2014-07-20 10:50:43','4028819d475166e9014751670eb1004a','天涯 - 实话实说','http://bbs.tianya.cn/list-972-1.shtml','T','A','http://bbs.tianya.cn','ef79ee8ddfbd72b4d1c36039ae675d17',NULL,'天涯 - 实话实说',NULL,NULL,'f614fe3cb2ab4eaa95605290ac6f7673'),(3,'SYSTEM','2014-07-20 09:33:34','SYSTEM','2014-07-20 10:50:50','4028819d475166e9014751670eb3004b','天涯 - 公益同行','http://bbs.tianya.cn/list-838-1.shtml','T','A','http://bbs.tianya.cn','f329435a45f748df2bad9fb3a7d80fcd',NULL,'天涯 - 公益同行',NULL,NULL,'f614fe3cb2ab4eaa95605290ac6f7673'),(3,'SYSTEM','2014-07-20 09:33:34','SYSTEM','2014-07-20 10:50:51','4028819d475166e9014751670eb3004c','天涯 - 留学生涯','http://bbs.tianya.cn/list-22-1.shtml','T','A','http://bbs.tianya.cn','c3a8c232c4bca318bd10aa8258d90f51',NULL,'天涯 - 留学生涯',NULL,NULL,'f614fe3cb2ab4eaa95605290ac6f7673'),(3,'SYSTEM','2014-07-20 09:33:34','SYSTEM','2014-07-20 10:50:46','4028819d475166e9014751670eb4004d','天涯 - 消费者报道','http://bbs.tianya.cn/list-consumer-1.shtml','T','A','http://bbs.tianya.cn','6307f65f181bb6131d5c1bee39633e41',NULL,'天涯 - 消费者报道',NULL,NULL,'f614fe3cb2ab4eaa95605290ac6f7673'),(2,'SYSTEM','2014-07-20 09:33:34','SYSTEM','2014-07-20 10:19:54','4028819d475166e9014751670eb6004e','天涯 - 圆说天涯','http://bbs.tianya.cn/list-1131-1.shtml','T','A','http://bbs.tianya.cn','363ad07ab8d01c99ef62086b1a6e87b4',NULL,'天涯 - 圆说天涯',NULL,NULL,'f614fe3cb2ab4eaa95605290ac6f7673'),(3,'SYSTEM','2014-07-20 09:33:34','SYSTEM','2014-07-20 10:50:47','4028819d475166e9014751670eb6004f','天涯 - 拈花微笑','http://bbs.tianya.cn/list-67-1.shtml','T','A','http://bbs.tianya.cn','a750fe9e41df638d1c97444d42be0320',NULL,'天涯 - 拈花微笑',NULL,NULL,'f614fe3cb2ab4eaa95605290ac6f7673'),(2,'SYSTEM','2014-07-20 09:33:34','SYSTEM','2014-07-20 10:20:08','4028819d475166e9014751670eb70050','天涯 - 书话红楼','http://bbs.tianya.cn/list-106-1.shtml','T','A','http://bbs.tianya.cn','31bc7f4812c16b1607517cf6f2b78a56',NULL,'天涯 - 书话红楼',NULL,NULL,'f614fe3cb2ab4eaa95605290ac6f7673'),(2,'SYSTEM','2014-07-20 09:33:34','SYSTEM','2014-07-20 10:19:54','4028819d475166e9014751670eb80051','天涯 - 灯谜天地','http://bbs.tianya.cn/list-66-1.shtml','T','A','http://bbs.tianya.cn','cc8af2f2c1b561b641905c42d7e35067',NULL,'天涯 - 灯谜天地',NULL,NULL,'f614fe3cb2ab4eaa95605290ac6f7673'),(2,'SYSTEM','2014-07-20 09:33:34','SYSTEM','2014-07-20 10:19:56','4028819d475166e9014751670eb80052','天涯 - 寓言格言','http://bbs.tianya.cn/list-241-1.shtml','T','A','http://bbs.tianya.cn','1ec2e7d2ff32df28bbd99bd7cc953510',NULL,'天涯 - 寓言格言',NULL,NULL,'f614fe3cb2ab4eaa95605290ac6f7673'),(2,'SYSTEM','2014-07-20 09:33:34','SYSTEM','2014-07-20 10:19:54','4028819d475166e9014751670eb90053','天涯 - 栀子花开','http://bbs.tianya.cn/list-139-1.shtml','T','A','http://bbs.tianya.cn','4b54feb34b9db46725d9c2ee9bebefa3',NULL,'天涯 - 栀子花开',NULL,NULL,'f614fe3cb2ab4eaa95605290ac6f7673'),(3,'SYSTEM','2014-07-20 09:33:34','SYSTEM','2014-07-20 10:50:49','4028819d475166e9014751670eba0054','天涯 - 打油诗社','http://bbs.tianya.cn/list-160-1.shtml','T','A','http://bbs.tianya.cn','fd785fef5551ee00601f239835566f20',NULL,'天涯 - 打油诗社',NULL,NULL,'f614fe3cb2ab4eaa95605290ac6f7673'),(2,'SYSTEM','2014-07-20 09:33:34','SYSTEM','2014-07-20 10:50:43','4028819d475166e9014751670ebb0055','天涯 - 文学批评','http://bbs.tianya.cn/list-187-1.shtml','T','A','http://bbs.tianya.cn','cbaa24ceba2e2532f21b1d7721135938',NULL,'天涯 - 文学批评',NULL,NULL,'f614fe3cb2ab4eaa95605290ac6f7673'),(1,'SYSTEM','2014-07-20 09:33:34','SYSTEM','2014-07-20 09:43:02','4028819d475166e9014751670ebb0056','天涯 - 先锋阵地','http://bbs.tianya.cn/list-486-1.shtml','T','A','http://bbs.tianya.cn','258b958034f75fe9d38f9bb565d2deb8',NULL,'天涯 - 先锋阵地',NULL,NULL,'f614fe3cb2ab4eaa95605290ac6f7673'),(3,'SYSTEM','2014-07-20 09:33:34','SYSTEM','2014-07-20 10:50:42','4028819d475166e9014751670ebc0057','天涯 - 今古传奇','http://bbs.tianya.cn/list-218-1.shtml','T','A','http://bbs.tianya.cn','5d21d0857e58ab4157b3b52bf690d69c',NULL,'天涯 - 今古传奇',NULL,NULL,'f614fe3cb2ab4eaa95605290ac6f7673'),(2,'SYSTEM','2014-07-20 09:33:34','SYSTEM','2014-07-20 10:50:51','4028819d475166e9014751670ebd0058','天涯 - 左岸花开','http://bbs.tianya.cn/list-364-1.shtml','T','A','http://bbs.tianya.cn','1e877cbbf8ddc2e4f9b160e9889ce199',NULL,'天涯 - 左岸花开',NULL,NULL,'f614fe3cb2ab4eaa95605290ac6f7673'),(2,'SYSTEM','2014-07-20 09:33:34','SYSTEM','2014-07-20 10:50:46','4028819d475166e9014751670ebd0059','天涯 - 天涯读书','http://bbs.tianya.cn/list-390-1.shtml','T','A','http://bbs.tianya.cn','a5759b4a28b1973e3323e75645fa37cb',NULL,'天涯 - 天涯读书',NULL,NULL,'f614fe3cb2ab4eaa95605290ac6f7673'),(2,'SYSTEM','2014-07-20 09:33:34','SYSTEM','2014-07-20 10:50:43','4028819d475166e9014751670ebf005a','天涯 - 书画商场','http://bbs.tianya.cn/list-901-1.shtml','T','A','http://bbs.tianya.cn','5bb641c64cef9dc7ba4e21d93b4bf7fb',NULL,'天涯 - 书画商场',NULL,NULL,'f614fe3cb2ab4eaa95605290ac6f7673'),(2,'SYSTEM','2014-07-20 09:33:34','SYSTEM','2014-07-20 10:50:42','4028819d475166e9014751670ec0005b','天涯 - 悦读中国','http://bbs.tianya.cn/list-1005-1.shtml','T','A','http://bbs.tianya.cn','60819cf602f56891fc9e866f75948198',NULL,'天涯 - 悦读中国',NULL,NULL,'f614fe3cb2ab4eaa95605290ac6f7673'),(3,'SYSTEM','2014-07-20 09:33:34','SYSTEM','2014-07-20 10:50:43','4028819d475166e9014751670ec2005c','天涯 - 短文故乡','http://bbs.tianya.cn/list-shortmessage-1.shtml','T','A','http://bbs.tianya.cn','d0cadb4a7a88e806b649446e029b07ef',NULL,'天涯 - 短文故乡',NULL,NULL,'f614fe3cb2ab4eaa95605290ac6f7673'),(2,'SYSTEM','2014-07-20 09:33:34','SYSTEM','2014-07-20 10:50:44','4028819d475166e9014751670ec3005d','天涯 - 奇幻文学','http://bbs.tianya.cn/list-no124-1.shtml','T','A','http://bbs.tianya.cn','bf50a17b57bff27248b0bfdb586a1053',NULL,'天涯 - 奇幻文学',NULL,NULL,'f614fe3cb2ab4eaa95605290ac6f7673'),(3,'SYSTEM','2014-07-20 09:33:34','SYSTEM','2014-07-20 10:50:42','4028819d475166e9014751670ec4005e','天涯 - 对联雅座','http://bbs.tianya.cn/list-23-1.shtml','T','A','http://bbs.tianya.cn','934f77eb1258a5a30524cd381d6f370a',NULL,'天涯 - 对联雅座',NULL,NULL,'f614fe3cb2ab4eaa95605290ac6f7673'),(3,'SYSTEM','2014-07-20 09:33:34','SYSTEM','2014-07-20 10:50:49','4028819d475166e9014751670ec5005f','天涯 - 仗剑天涯','http://bbs.tianya.cn/list-no17-1.shtml','T','A','http://bbs.tianya.cn','f1214e4f846cf37befec367c32954526',NULL,'天涯 - 仗剑天涯',NULL,NULL,'f614fe3cb2ab4eaa95605290ac6f7673'),(3,'SYSTEM','2014-07-20 09:33:34','SYSTEM','2014-07-20 10:50:42','4028819d475166e9014751670ec50060','天涯 - 金石书画','http://bbs.tianya.cn/list-169-1.shtml','T','A','http://bbs.tianya.cn','8f439ab9aade20d859e4772f6b6e08e0',NULL,'天涯 - 金石书画',NULL,NULL,'f614fe3cb2ab4eaa95605290ac6f7673'),(3,'SYSTEM','2014-07-20 09:33:34','SYSTEM','2014-07-20 10:50:45','4028819d475166e9014751670ec60061','天涯 - 时尚男装','http://bbs.tianya.cn/list-762-1.shtml','T','A','http://bbs.tianya.cn','c9f1ecf09168ef53a664d0017edec526',NULL,'天涯 - 时尚男装',NULL,NULL,'f614fe3cb2ab4eaa95605290ac6f7673'),(3,'SYSTEM','2014-07-20 09:33:34','SYSTEM','2014-07-20 10:51:01','4028819d475166e9014751670ec80062','天涯 - 珠宝首饰','http://bbs.tianya.cn/list-150-1.shtml','T','A','http://bbs.tianya.cn','bde3dbd98c53d486f232d0716ca94acb',NULL,'天涯 - 珠宝首饰',NULL,NULL,'f614fe3cb2ab4eaa95605290ac6f7673'),(3,'SYSTEM','2014-07-20 09:33:34','SYSTEM','2014-07-20 10:50:53','4028819d475166e9014751670ec90063','天涯 - 花田囍事','http://bbs.tianya.cn/list-737-1.shtml','T','A','http://bbs.tianya.cn','fb305eee309ad6edb985c30809a4f6df',NULL,'天涯 - 花田囍事',NULL,NULL,'f614fe3cb2ab4eaa95605290ac6f7673'),(2,'SYSTEM','2014-07-20 09:33:34','SYSTEM','2014-07-20 10:20:04','4028819d475166e9014751670eca0064','天涯 - 美颜靓妆','http://bbs.tianya.cn/list-911-1.shtml','T','A','http://bbs.tianya.cn','2f28f85598aa0a7d822fd00a36249083',NULL,'天涯 - 美颜靓妆',NULL,NULL,'f614fe3cb2ab4eaa95605290ac6f7673'),(3,'SYSTEM','2014-07-20 09:33:34','SYSTEM','2014-07-20 10:50:53','4028819d475166e9014751670ecb0065','天涯 - 营养保健','http://bbs.tianya.cn/list-738-1.shtml','T','A','http://bbs.tianya.cn','94ebedcfef67c238a55bb10599a8d8e3',NULL,'天涯 - 营养保健',NULL,NULL,'f614fe3cb2ab4eaa95605290ac6f7673'),(3,'SYSTEM','2014-07-20 09:33:34','SYSTEM','2014-07-20 10:50:54','4028819d475166e9014751670ecb0066','天涯 - 快乐备孕','http://bbs.tianya.cn/list-912-1.shtml','T','A','http://bbs.tianya.cn','99e43fc369014cb78243b93e45a16894',NULL,'天涯 - 快乐备孕',NULL,NULL,'f614fe3cb2ab4eaa95605290ac6f7673'),(3,'SYSTEM','2014-07-20 09:33:34','SYSTEM','2014-07-20 10:50:54','4028819d475166e9014751670ecc0067','天涯 - 家有学童','http://bbs.tianya.cn/list-767-1.shtml','T','A','http://bbs.tianya.cn','f8026fc6fc8be2f717ade9c89543c98b',NULL,'天涯 - 家有学童',NULL,NULL,'f614fe3cb2ab4eaa95605290ac6f7673'),(1,'SYSTEM','2014-07-20 09:33:34','SYSTEM','2014-07-20 09:43:08','4028819d475166e9014751670ecd0068','天涯 - 品酒论情','http://bbs.tianya.cn/list-201-1.shtml','T','A','http://bbs.tianya.cn','2d7f4f3ed104c25a32994eeccee4f9d8',NULL,'天涯 - 品酒论情',NULL,NULL,'f614fe3cb2ab4eaa95605290ac6f7673'),(1,'SYSTEM','2014-07-20 09:33:34','SYSTEM','2014-07-20 09:43:09','4028819d475166e9014751670ecd0069','天涯 - 酒吧文化','http://bbs.tianya.cn/list-49-1.shtml','T','A','http://bbs.tianya.cn','2a14181a6f2dc24f60df3ef621e4f719',NULL,'天涯 - 酒吧文化',NULL,NULL,'f614fe3cb2ab4eaa95605290ac6f7673'),(2,'SYSTEM','2014-07-20 09:33:34','SYSTEM','2014-07-20 10:50:54','4028819d475166e9014751670ece006a','天涯 - 都市生活','http://bbs.tianya.cn/list-149-1.shtml','T','A','http://bbs.tianya.cn','1d7241f1fd00b641710c5b9103b95fd1',NULL,'天涯 - 都市生活',NULL,NULL,'f614fe3cb2ab4eaa95605290ac6f7673'),(1,'SYSTEM','2014-07-20 09:33:34','SYSTEM','2014-07-20 09:43:08','4028819d475166e9014751670ecf006b','天涯 - 宠物乐园','http://bbs.tianya.cn/list-75-1.shtml','T','A','http://bbs.tianya.cn','86547e0da5196f8337cf6a69cd187c35',NULL,'天涯 - 宠物乐园',NULL,NULL,'f614fe3cb2ab4eaa95605290ac6f7673'),(1,'SYSTEM','2014-07-20 09:33:34','SYSTEM','2014-07-20 09:43:08','4028819d475166e9014751670ecf006c','天涯 - 墨色茶坊','http://bbs.tianya.cn/list-151-1.shtml','T','A','http://bbs.tianya.cn','44a2bebeb3402a51d74b20872f20eb2e',NULL,'天涯 - 墨色茶坊',NULL,NULL,'f614fe3cb2ab4eaa95605290ac6f7673'),(3,'SYSTEM','2014-07-20 09:33:34','SYSTEM','2014-07-20 10:50:55','4028819d475166e9014751670ed0006d','天涯 - 中医养生','http://bbs.tianya.cn/list-805-1.shtml','T','A','http://bbs.tianya.cn','3188bc579b2e1a722f7ed3c295a9c6a3',NULL,'天涯 - 中医养生',NULL,NULL,'f614fe3cb2ab4eaa95605290ac6f7673'),(3,'SYSTEM','2014-07-20 09:33:34','SYSTEM','2014-07-20 10:50:54','4028819d475166e9014751670ed2006e','天涯 - 女人公社','http://bbs.tianya.cn/list-358-1.shtml','T','A','http://bbs.tianya.cn','2978543d9ecd274c3f7b97a6d71f83bb',NULL,'天涯 - 女人公社',NULL,NULL,'f614fe3cb2ab4eaa95605290ac6f7673'),(3,'SYSTEM','2014-07-20 09:33:34','SYSTEM','2014-07-20 10:50:58','4028819d475166e9014751670ed3006f','天涯 - 天涯丽人','http://bbs.tianya.cn/list-43-1.shtml','T','A','http://bbs.tianya.cn','3e7455dbbbaa4b8c37f827b3a1b218a6',NULL,'天涯 - 天涯丽人',NULL,NULL,'f614fe3cb2ab4eaa95605290ac6f7673'),(3,'SYSTEM','2014-07-20 09:33:34','SYSTEM','2014-07-20 10:50:55','4028819d475166e9014751670ed40070','天涯 - 家居装饰','http://bbs.tianya.cn/list-766-1.shtml','T','A','http://bbs.tianya.cn','70c3fe77a40c14e69799dd6618dcab6d',NULL,'天涯 - 家居装饰',NULL,NULL,'f614fe3cb2ab4eaa95605290ac6f7673'),(3,'SYSTEM','2014-07-20 09:33:34','SYSTEM','2014-07-20 10:50:55','4028819d475166e9014751670ed40071','天涯 - 女系氏族','http://bbs.tianya.cn/list-female-1.shtml','T','A','http://bbs.tianya.cn','e419fd26a948fbe3c6a5394815076501',NULL,'天涯 - 女系氏族',NULL,NULL,'f614fe3cb2ab4eaa95605290ac6f7673'),(3,'SYSTEM','2014-07-20 09:33:34','SYSTEM','2014-07-20 10:50:56','4028819d475166e9014751670ed50072','天涯 - 我爱我家','http://bbs.tianya.cn/list-99-1.shtml','T','A','http://bbs.tianya.cn','46cc6e9dc256fb7b71610d7c21647c5b',NULL,'天涯 - 我爱我家',NULL,NULL,'f614fe3cb2ab4eaa95605290ac6f7673'),(3,'SYSTEM','2014-07-20 09:33:34','SYSTEM','2014-07-20 10:50:55','4028819d475166e9014751670ed60073','天涯 - 三十不嫁','http://bbs.tianya.cn/list-oldgirl-1.shtml','T','A','http://bbs.tianya.cn','d69bef78182dde2e534a1ed91845b158',NULL,'天涯 - 三十不嫁',NULL,NULL,'f614fe3cb2ab4eaa95605290ac6f7673'),(3,'SYSTEM','2014-07-20 09:33:34','SYSTEM','2014-07-20 10:50:55','4028819d475166e9014751670ed70074','天涯 - 爱情诊所','http://bbs.tianya.cn/list-166-1.shtml','T','A','http://bbs.tianya.cn','28779bf28c41a7b331297571b013928f',NULL,'天涯 - 爱情诊所',NULL,NULL,'f614fe3cb2ab4eaa95605290ac6f7673'),(1,'SYSTEM','2014-07-20 09:33:34','SYSTEM','2014-07-20 09:43:09','4028819d475166e9014751670ed70075','天涯 - 馨馨相印','http://bbs.tianya.cn/list-363-1.shtml','T','A','http://bbs.tianya.cn','d4ead146b677c50b320c73b4617603ea',NULL,'天涯 - 馨馨相印',NULL,NULL,'f614fe3cb2ab4eaa95605290ac6f7673'),(3,'SYSTEM','2014-07-20 09:33:34','SYSTEM','2014-07-20 10:50:55','4028819d475166e9014751670ed80076','天涯 - 星座情緣','http://bbs.tianya.cn/list-84-1.shtml','T','A','http://bbs.tianya.cn','a3b33a02a7d34973cf0be0c4a21aa6af',NULL,'天涯 - 星座情緣',NULL,NULL,'f614fe3cb2ab4eaa95605290ac6f7673'),(1,'SYSTEM','2014-07-20 09:33:34','SYSTEM','2014-07-20 09:43:10','4028819d475166e9014751670ed90077','天涯 - 都市拍客','http://bbs.tianya.cn/list-607-1.shtml','T','A','http://bbs.tianya.cn','37aa4594efb7a326855f36392f53b708',NULL,'天涯 - 都市拍客',NULL,NULL,'f614fe3cb2ab4eaa95605290ac6f7673'),(1,'SYSTEM','2014-07-20 09:33:34','SYSTEM','2014-07-20 09:43:10','4028819d475166e9014751670ed90078','天涯 - 数码摄影','http://bbs.tianya.cn/list-1090-1.shtml','T','A','http://bbs.tianya.cn','6b202721afd5fcaf071c5ef5c3f4904b',NULL,'天涯 - 数码摄影',NULL,NULL,'f614fe3cb2ab4eaa95605290ac6f7673'),(1,'SYSTEM','2014-07-20 09:33:34','SYSTEM','2014-07-20 09:43:10','4028819d475166e9014751670eda0079','天涯 - 配音公社','http://bbs.tianya.cn/list-108-1.shtml','T','A','http://bbs.tianya.cn','ad0e0fa9d51c6ff173aae6c0bc1dc363',NULL,'天涯 - 配音公社',NULL,NULL,'f614fe3cb2ab4eaa95605290ac6f7673'),(1,'SYSTEM','2014-07-20 09:33:34','SYSTEM','2014-07-20 09:43:10','4028819d475166e9014751670edb007a','天涯 - 天涯观光团','http://bbs.tianya.cn/list-924-1.shtml','T','A','http://bbs.tianya.cn','1d2bd871a0a0c65eef4c60a4b9afc2ff',NULL,'天涯 - 天涯观光团',NULL,NULL,'f614fe3cb2ab4eaa95605290ac6f7673'),(1,'SYSTEM','2014-07-20 09:33:34','SYSTEM','2014-07-20 09:43:10','4028819d475166e9014751670edb007b','天涯 - ＩＱ无限','http://bbs.tianya.cn/list-71-1.shtml','T','A','http://bbs.tianya.cn','d9cb8632599acd0218331e8f5c8020ca',NULL,'天涯 - ＩＱ无限',NULL,NULL,'f614fe3cb2ab4eaa95605290ac6f7673'),(2,'SYSTEM','2014-07-20 09:33:34','SYSTEM','2014-07-20 10:51:05','4028819d475166e9014751670edc007c','天涯 - 周公解梦','http://bbs.tianya.cn/list-524-1.shtml','T','A','http://bbs.tianya.cn','e6407e6a87e05b35c1399b2e95703c74',NULL,'天涯 - 周公解梦',NULL,NULL,'f614fe3cb2ab4eaa95605290ac6f7673'),(3,'SYSTEM','2014-07-20 09:33:34','SYSTEM','2014-07-20 10:50:57','4028819d475166e9014751670edd007d','天涯 - 生肖血型','http://bbs.tianya.cn/list-105-1.shtml','T','A','http://bbs.tianya.cn','bb717167acefce6727d1a17533abb013',NULL,'天涯 - 生肖血型',NULL,NULL,'f614fe3cb2ab4eaa95605290ac6f7673'),(1,'SYSTEM','2014-07-20 09:33:34','SYSTEM','2014-07-20 09:43:10','4028819d475166e9014751670edd007e','天涯 - 怡情棋斋','http://bbs.tianya.cn/list-177-1.shtml','T','A','http://bbs.tianya.cn','a16c6224fb6e4e6c836e544fd49d5b0c',NULL,'天涯 - 怡情棋斋',NULL,NULL,'f614fe3cb2ab4eaa95605290ac6f7673'),(2,'SYSTEM','2014-07-20 09:33:34','SYSTEM','2014-07-20 10:20:07','4028819d475166e9014751670ede007f','天涯 - 动漫前线','http://bbs.tianya.cn/list-3d-1.shtml','T','A','http://bbs.tianya.cn','46cf187920119a797c1ad3e85f6c88b3',NULL,'天涯 - 动漫前线',NULL,NULL,'f614fe3cb2ab4eaa95605290ac6f7673'),(3,'SYSTEM','2014-07-20 09:33:34','SYSTEM','2014-07-20 10:50:56','4028819d475166e9014751670edf0080','天涯 - 超级秀场','http://bbs.tianya.cn/list-funstribe-1.shtml','T','A','http://bbs.tianya.cn','64e7945d9bac0a1588f2c25f1e0c8999',NULL,'天涯 - 超级秀场',NULL,NULL,'f614fe3cb2ab4eaa95605290ac6f7673'),(3,'SYSTEM','2014-07-20 09:33:34','SYSTEM','2014-07-20 10:50:57','4028819d475166e9014751670edf0081','天涯 - 天涯摄影','http://bbs.tianya.cn/list-tianyaphoto-1.shtml','T','A','http://bbs.tianya.cn','84f1ab0526c073f3045091ffde5c153e',NULL,'天涯 - 天涯摄影',NULL,NULL,'f614fe3cb2ab4eaa95605290ac6f7673'),(2,'SYSTEM','2014-07-20 09:33:34','SYSTEM','2014-07-20 10:20:08','4028819d475166e9014751670ee00082','天涯 - 华语电影','http://bbs.tianya.cn/list-indepfilm-1.shtml','T','A','http://bbs.tianya.cn','ed4634899e36f2af34471f58af908080',NULL,'天涯 - 华语电影',NULL,NULL,'f614fe3cb2ab4eaa95605290ac6f7673'),(1,'SYSTEM','2014-07-20 09:33:34','SYSTEM','2014-07-20 09:43:11','4028819d475166e9014751670ee10083','天涯 - 影视剧本','http://bbs.tianya.cn/list-384-1.shtml','T','A','http://bbs.tianya.cn','72f6d9d3910b19626ea55d117f0a44c9',NULL,'天涯 - 影视剧本',NULL,NULL,'f614fe3cb2ab4eaa95605290ac6f7673'),(1,'SYSTEM','2014-07-20 09:33:34','SYSTEM','2014-07-20 09:43:11','4028819d475166e9014751670ee20084','天涯 - 音乐共享','http://bbs.tianya.cn/list-200-1.shtml','T','A','http://bbs.tianya.cn','d8c1bd66ccb537304b4c560929dc3f97',NULL,'天涯 - 音乐共享',NULL,NULL,'f614fe3cb2ab4eaa95605290ac6f7673'),(1,'SYSTEM','2014-07-20 09:33:34','SYSTEM','2014-07-20 09:43:12','4028819d475166e9014751670ee20085','天涯 - 摇滚乐章','http://bbs.tianya.cn/list-38-1.shtml','T','A','http://bbs.tianya.cn','a5ff075f18252c3276373aff49c407b7',NULL,'天涯 - 摇滚乐章',NULL,NULL,'f614fe3cb2ab4eaa95605290ac6f7673'),(1,'SYSTEM','2014-07-20 09:33:34','SYSTEM','2014-07-20 09:43:11','4028819d475166e9014751670ee30086','天涯 - 古典音乐','http://bbs.tianya.cn/list-138-1.shtml','T','A','http://bbs.tianya.cn','9182394f2c7d001623a0baf49a21c61b',NULL,'天涯 - 古典音乐',NULL,NULL,'f614fe3cb2ab4eaa95605290ac6f7673'),(1,'SYSTEM','2014-07-20 09:33:34','SYSTEM','2014-07-20 09:43:12','4028819d475166e9014751670ee40087','天涯 - 老歌会','http://bbs.tianya.cn/list-705-1.shtml','T','A','http://bbs.tianya.cn','88f376893cde4bc4689e37f29af2aba8',NULL,'天涯 - 老歌会',NULL,NULL,'f614fe3cb2ab4eaa95605290ac6f7673'),(1,'SYSTEM','2014-07-20 09:33:34','SYSTEM','2014-07-20 09:43:11','4028819d475166e9014751670ee40088','天涯 - 天涯飙歌台','http://bbs.tianya.cn/list-641-1.shtml','T','A','http://bbs.tianya.cn','398a7a0603320429a99f7ffe1eb49d67',NULL,'天涯 - 天涯飙歌台',NULL,NULL,'f614fe3cb2ab4eaa95605290ac6f7673'),(3,'SYSTEM','2014-07-20 09:33:34','SYSTEM','2014-07-20 10:50:58','4028819d475166e9014751670ee50089','天涯 - 管理前线','http://bbs.tianya.cn/list-no100-1.shtml','T','A','http://bbs.tianya.cn','57bc792a42eb5c51773b741edf9a4ad3',NULL,'天涯 - 管理前线',NULL,NULL,'f614fe3cb2ab4eaa95605290ac6f7673'),(1,'SYSTEM','2014-07-20 09:33:34','SYSTEM','2014-07-20 09:43:19','4028819d475166e9014751670ee6008a','天涯 - 创意空间','http://bbs.tianya.cn/list-967-1.shtml','T','A','http://bbs.tianya.cn','7df7de24199aa081dedcc38c2ffd0334',NULL,'天涯 - 创意空间',NULL,NULL,'f614fe3cb2ab4eaa95605290ac6f7673'),(3,'SYSTEM','2014-07-20 09:33:34','SYSTEM','2014-07-20 10:51:07','4028819d475166e9014751670ee6008b','天涯 - 网上谈兵','http://bbs.tianya.cn/list-20-1.shtml','T','A','http://bbs.tianya.cn','cce684d2f440e727e4599bd584582a17',NULL,'天涯 - 网上谈兵',NULL,NULL,'f614fe3cb2ab4eaa95605290ac6f7673'),(1,'SYSTEM','2014-07-20 09:33:34','SYSTEM','2014-07-20 09:43:12','4028819d475166e9014751670ee7008c','天涯 - 三国纵横','http://bbs.tianya.cn/list-107-1.shtml','T','A','http://bbs.tianya.cn','f316e66db15ab437376b70f1e6d66ec5',NULL,'天涯 - 三国纵横',NULL,NULL,'f614fe3cb2ab4eaa95605290ac6f7673'),(1,'SYSTEM','2014-07-20 09:33:34','SYSTEM','2014-07-20 09:43:12','4028819d475166e9014751670ee8008d','天涯 - 收藏天地','http://bbs.tianya.cn/list-103-1.shtml','T','A','http://bbs.tianya.cn','4f34e4c12e71e53c16047a9733fb5568',NULL,'天涯 - 收藏天地',NULL,NULL,'f614fe3cb2ab4eaa95605290ac6f7673'),(1,'SYSTEM','2014-07-20 09:33:34','SYSTEM','2014-07-20 09:43:12','4028819d475166e9014751670ee9008e','天涯 - 科幻奥秘','http://bbs.tianya.cn/list-29-1.shtml','T','A','http://bbs.tianya.cn','97efe124f3468e04a850e5dff116ee02',NULL,'天涯 - 科幻奥秘',NULL,NULL,'f614fe3cb2ab4eaa95605290ac6f7673'),(1,'SYSTEM','2014-07-20 09:33:34','SYSTEM','2014-07-20 09:43:12','4028819d475166e9014751670eea008f','天涯 - 风土人情','http://bbs.tianya.cn/list-131-1.shtml','T','A','http://bbs.tianya.cn','7c751a542d913bd85ba892aeb2626269',NULL,'天涯 - 风土人情',NULL,NULL,'f614fe3cb2ab4eaa95605290ac6f7673'),(1,'SYSTEM','2014-07-20 09:33:34','SYSTEM','2014-07-20 09:43:12','4028819d475166e9014751670eeb0090','天涯 - 乡村季风','http://bbs.tianya.cn/list-192-1.shtml','T','A','http://bbs.tianya.cn','e3b2beb8e642345ee5e4797968b6d117',NULL,'天涯 - 乡村季风',NULL,NULL,'f614fe3cb2ab4eaa95605290ac6f7673'),(3,'SYSTEM','2014-07-20 09:33:34','SYSTEM','2014-07-20 10:50:59','4028819d475166e9014751670eec0091','天涯 - 购车咨询','http://bbs.tianya.cn/list-944-1.shtml','T','A','http://bbs.tianya.cn','a993c23a28b9421b8845b3e4eae988ea',NULL,'天涯 - 购车咨询',NULL,NULL,'f614fe3cb2ab4eaa95605290ac6f7673'),(1,'SYSTEM','2014-07-20 09:33:34','SYSTEM','2014-07-20 09:43:12','4028819d475166e9014751670eed0092','天涯 - 家电天下','http://bbs.tianya.cn/list-743-1.shtml','T','A','http://bbs.tianya.cn','8d5c40306ea73fd29f5935584ec113f9',NULL,'天涯 - 家电天下',NULL,NULL,'f614fe3cb2ab4eaa95605290ac6f7673'),(2,'SYSTEM','2014-07-20 09:33:34','SYSTEM','2014-07-20 10:50:59','4028819d475166e9014751670eee0093','天涯 - 体育聚焦','http://bbs.tianya.cn/list-sport-1.shtml','T','A','http://bbs.tianya.cn','ccd4fb241755608f9e0fe65694ce400d',NULL,'天涯 - 体育聚焦',NULL,NULL,'f614fe3cb2ab4eaa95605290ac6f7673'),(1,'SYSTEM','2014-07-20 09:33:34','SYSTEM','2014-07-20 09:43:12','4028819d475166e9014751670eef0094','天涯 - 体育贴图','http://bbs.tianya.cn/list-fansunion-1.shtml','T','A','http://bbs.tianya.cn','c544430b644abe1175fd5d6dd58e1f29',NULL,'天涯 - 体育贴图',NULL,NULL,'f614fe3cb2ab4eaa95605290ac6f7673'),(3,'SYSTEM','2014-07-20 09:33:34','SYSTEM','2014-07-20 10:50:59','4028819d475166e9014751670ef00095','天涯 - 电脑网络','http://bbs.tianya.cn/list-it-1.shtml','T','A','http://bbs.tianya.cn','75b7f4be30f40bdd4316c1d950a86232',NULL,'天涯 - 电脑网络',NULL,NULL,'f614fe3cb2ab4eaa95605290ac6f7673'),(3,'SYSTEM','2014-07-20 09:33:34','SYSTEM','2014-07-20 10:50:59','4028819d475166e9014751670ef10096','天涯 - 蓝色老人','http://bbs.tianya.cn/list-343-1.shtml','T','A','http://bbs.tianya.cn','c33160f31f90deb9fdcea2b2a05d25e4',NULL,'天涯 - 蓝色老人',NULL,NULL,'f614fe3cb2ab4eaa95605290ac6f7673'),(1,'SYSTEM','2014-07-20 09:33:34','SYSTEM','2014-07-20 09:43:13','4028819d475166e9014751670ef20097','天涯 - 没话找话','http://bbs.tianya.cn/list-102-1.shtml','T','A','http://bbs.tianya.cn','0f0597e1336f13cfd3e009e2b1895d1d',NULL,'天涯 - 没话找话',NULL,NULL,'f614fe3cb2ab4eaa95605290ac6f7673'),(1,'SYSTEM','2014-07-20 09:33:34','SYSTEM','2014-07-20 09:43:13','4028819d475166e9014751670ef30098','天涯 - 潜水俱乐部','http://bbs.tianya.cn/list-243-1.shtml','T','A','http://bbs.tianya.cn','15904167f71064362578982ed5fb09d1',NULL,'天涯 - 潜水俱乐部',NULL,NULL,'f614fe3cb2ab4eaa95605290ac6f7673'),(1,'SYSTEM','2014-07-20 09:33:34','SYSTEM','2014-07-20 09:43:13','4028819d475166e9014751670ef40099','天涯 - 百姓酒馆','http://bbs.tianya.cn/list-185-1.shtml','T','A','http://bbs.tianya.cn','d8b62d0ae2a7f38817d07ef3f4ac0d79',NULL,'天涯 - 百姓酒馆',NULL,NULL,'f614fe3cb2ab4eaa95605290ac6f7673'),(3,'SYSTEM','2014-07-20 09:33:34','SYSTEM','2014-07-20 10:51:00','4028819d475166e9014751670ef5009a','天涯 - 八卦春秋','http://bbs.tianya.cn/list-952-1.shtml','T','A','http://bbs.tianya.cn','72dba89275e23678bd0049a32cac7c43',NULL,'天涯 - 八卦春秋',NULL,NULL,'f614fe3cb2ab4eaa95605290ac6f7673'),(1,'SYSTEM','2014-07-20 09:33:34','SYSTEM','2014-07-20 09:43:13','4028819d475166e9014751670ef6009b','天涯 - 众说网购','http://bbs.tianya.cn/list-1021-1.shtml','T','A','http://bbs.tianya.cn','b4317cfe6cd917e8cded058fbc496f1d',NULL,'天涯 - 众说网购',NULL,NULL,'f614fe3cb2ab4eaa95605290ac6f7673'),(2,'SYSTEM','2014-07-20 09:33:34','SYSTEM','2014-07-20 10:51:01','4028819d475166e9014751670ef7009c','天涯 - 天涯购物街','http://bbs.tianya.cn/list-923-1.shtml','T','A','http://bbs.tianya.cn','77a327f43bad842e32c5bc3297d07ef7',NULL,'天涯 - 天涯购物街',NULL,NULL,'f614fe3cb2ab4eaa95605290ac6f7673'),(1,'SYSTEM','2014-07-20 09:33:34','SYSTEM','2014-07-20 09:43:14','4028819d475166e9014751670ef8009d','天涯 - 机票酒店','http://bbs.tianya.cn/list-927-1.shtml','T','A','http://bbs.tianya.cn','dc9377832b6f46f6f741239624fa142c',NULL,'天涯 - 机票酒店',NULL,NULL,'f614fe3cb2ab4eaa95605290ac6f7673'),(1,'SYSTEM','2014-07-20 09:33:34','SYSTEM','2014-07-20 09:43:14','4028819d475166e9014751670ef9009e','天涯 - 神州论彩','http://bbs.tianya.cn/list-778-1.shtml','T','A','http://bbs.tianya.cn','4bd5f406e56fbe892920016b93437059',NULL,'天涯 - 神州论彩',NULL,NULL,'f614fe3cb2ab4eaa95605290ac6f7673'),(1,'SYSTEM','2014-07-20 09:33:34','SYSTEM','2014-07-20 09:43:14','4028819d475166e9014751670ef9009f','天涯 - 阳光酒店','http://bbs.tianya.cn/list-883-1.shtml','T','A','http://bbs.tianya.cn','2d4cd010953b29af3913bc54f817ed30',NULL,'天涯 - 阳光酒店',NULL,NULL,'f614fe3cb2ab4eaa95605290ac6f7673'),(1,'SYSTEM','2014-07-20 09:33:34','SYSTEM','2014-07-20 09:43:14','4028819d475166e9014751670efa00a0','天涯 - 恒翔游艇','http://bbs.tianya.cn/list-1006-1.shtml','T','A','http://bbs.tianya.cn','4355b272051654a437e9bdf9e53f6aec',NULL,'天涯 - 恒翔游艇',NULL,NULL,'f614fe3cb2ab4eaa95605290ac6f7673'),(1,'SYSTEM','2014-07-20 09:33:34','SYSTEM','2014-07-20 09:43:14','4028819d475166e9014751670efa00a1','天涯 - 留学移民','http://bbs.tianya.cn/list-1123-1.shtml','T','A','http://bbs.tianya.cn','b0b46c10b2f03f3208556203a9a084f5',NULL,'天涯 - 留学移民',NULL,NULL,'f614fe3cb2ab4eaa95605290ac6f7673'),(1,'SYSTEM','2014-07-20 09:33:34','SYSTEM','2014-07-20 09:43:14','4028819d475166e9014751670efc00a2','天涯 - 品牌男科','http://bbs.tianya.cn/list-985-1.shtml','T','A','http://bbs.tianya.cn','6f9bfd2459c501cd7b60bc51c84ef870',NULL,'天涯 - 品牌男科',NULL,NULL,'f614fe3cb2ab4eaa95605290ac6f7673'),(2,'SYSTEM','2014-07-20 09:33:34','SYSTEM','2014-07-20 10:20:11','4028819d475166e9014751670efd00a3','天涯 - 品牌医院','http://bbs.tianya.cn/list-991-1.shtml','T','A','http://bbs.tianya.cn','3d26830969dbb480d9ee72d65bb112ce',NULL,'天涯 - 品牌医院',NULL,NULL,'f614fe3cb2ab4eaa95605290ac6f7673'),(1,'SYSTEM','2014-07-20 09:33:34','SYSTEM','2014-07-20 09:43:14','4028819d475166e9014751670efd00a4','天涯 - 医保医院','http://bbs.tianya.cn/list-986-1.shtml','T','A','http://bbs.tianya.cn','3f4deca1009043d2a3c6b9884051cfcb',NULL,'天涯 - 医保医院',NULL,NULL,'f614fe3cb2ab4eaa95605290ac6f7673'),(1,'SYSTEM','2014-07-20 09:33:34','SYSTEM','2014-07-20 09:43:14','4028819d475166e9014751670efe00a5','天涯 - 广州海军医院','http://bbs.tianya.cn/list-1030-1.shtml','T','A','http://bbs.tianya.cn','6a1889672c2667829a954b7c1b705d1b',NULL,'天涯 - 广州海军医院',NULL,NULL,'f614fe3cb2ab4eaa95605290ac6f7673'),(1,'SYSTEM','2014-07-20 09:33:34','SYSTEM','2014-07-20 09:43:14','4028819d475166e9014751670eff00a6','天涯 - 品牌妇产','http://bbs.tianya.cn/list-998-1.shtml','T','A','http://bbs.tianya.cn','f3a6a81531e051fc39f96e9989e4a4e5',NULL,'天涯 - 品牌妇产',NULL,NULL,'f614fe3cb2ab4eaa95605290ac6f7673'),(1,'SYSTEM','2014-07-20 09:33:34','SYSTEM','2014-07-20 09:43:22','4028819d475166e9014751670f0000a7','天涯 - 助孕指南','http://bbs.tianya.cn/list-1004-1.shtml','T','A','http://bbs.tianya.cn','39452e885b81146c984830f628784d7b',NULL,'天涯 - 助孕指南',NULL,NULL,'f614fe3cb2ab4eaa95605290ac6f7673'),(1,'SYSTEM','2014-07-20 09:33:34','SYSTEM','2014-07-20 09:43:15','4028819d475166e9014751670f0100a8','天涯 - 广州公立男科','http://bbs.tianya.cn/list-1035-1.shtml','T','A','http://bbs.tianya.cn','2977d277c5cfbbc88c741967cf37aaca',NULL,'天涯 - 广州公立男科',NULL,NULL,'f614fe3cb2ab4eaa95605290ac6f7673'),(1,'SYSTEM','2014-07-20 09:33:34','SYSTEM','2014-07-20 09:43:15','4028819d475166e9014751670f0200a9','天涯 - 爱心天地','http://bbs.tianya.cn/list-1097-1.shtml','T','A','http://bbs.tianya.cn','29ddefd07a28dee0c607a68116453f0f',NULL,'天涯 - 爱心天地',NULL,NULL,'f614fe3cb2ab4eaa95605290ac6f7673'),(1,'SYSTEM','2014-07-20 09:33:34','SYSTEM','2014-07-20 09:43:15','4028819d475166e9014751670f0200aa','天涯 - 乳腺疾病问答','http://bbs.tianya.cn/list-1105-1.shtml','T','A','http://bbs.tianya.cn','c910ee63030586e2b78703e62b025987',NULL,'天涯 - 乳腺疾病问答',NULL,NULL,'f614fe3cb2ab4eaa95605290ac6f7673'),(1,'SYSTEM','2014-07-20 09:33:34','SYSTEM','2014-07-20 09:43:15','4028819d475166e9014751670f0300ab','天涯 - 整形美容','http://bbs.tianya.cn/list-1122-1.shtml','T','A','http://bbs.tianya.cn','6b57aebaf19e4754827a31a5db51029b',NULL,'天涯 - 整形美容',NULL,NULL,'f614fe3cb2ab4eaa95605290ac6f7673'),(3,'SYSTEM','2014-07-20 09:33:34','SYSTEM','2014-07-20 10:51:04','4028819d475166e9014751670f0400ac','天涯 - 美丽天地','http://bbs.tianya.cn/list-1127-1.shtml','T','A','http://bbs.tianya.cn','9a779b861e0a1350d1d31be56eb36628',NULL,'天涯 - 美丽天地',NULL,NULL,'f614fe3cb2ab4eaa95605290ac6f7673'),(3,'SYSTEM','2014-07-20 09:33:34','SYSTEM','2014-07-20 10:51:03','4028819d475166e9014751670f0400ad','天涯 - 北京','http://bbs.tianya.cn/list-39-1.shtml','T','A','http://bbs.tianya.cn','1633674cc7508d4e018d04bd0833daa4',NULL,'天涯 - 北京',NULL,NULL,'f614fe3cb2ab4eaa95605290ac6f7673'),(3,'SYSTEM','2014-07-20 09:33:34','SYSTEM','2014-07-20 10:51:10','4028819d475166e9014751670f0500ae','天涯 - 天津','http://bbs.tianya.cn/list-59-1.shtml','T','A','http://bbs.tianya.cn','fd89265fac34ead902d0709440acccb6',NULL,'天涯 - 天津',NULL,NULL,'f614fe3cb2ab4eaa95605290ac6f7673'),(3,'SYSTEM','2014-07-20 09:33:34','SYSTEM','2014-07-20 10:51:02','4028819d475166e9014751670f0600af','天涯 - 河北','http://bbs.tianya.cn/list-77-1.shtml','T','A','http://bbs.tianya.cn','f75fbe17178cb6b2e8524b6df29204ef',NULL,'天涯 - 河北',NULL,NULL,'f614fe3cb2ab4eaa95605290ac6f7673'),(3,'SYSTEM','2014-07-20 09:33:34','SYSTEM','2014-07-20 10:51:02','4028819d475166e9014751670f0600b0','天涯 - 河南','http://bbs.tianya.cn/list-80-1.shtml','T','A','http://bbs.tianya.cn','deb7f85b1bdcbd57cf453d982000e491',NULL,'天涯 - 河南',NULL,NULL,'f614fe3cb2ab4eaa95605290ac6f7673'),(3,'SYSTEM','2014-07-20 09:33:34','SYSTEM','2014-07-20 10:51:05','4028819d475166e9014751670f0700b1','天涯 - 山东','http://bbs.tianya.cn/list-42-1.shtml','T','A','http://bbs.tianya.cn','c7506791f38b85eb1b880bb5ab34d16f',NULL,'天涯 - 山东',NULL,NULL,'f614fe3cb2ab4eaa95605290ac6f7673'),(1,'SYSTEM','2014-07-20 09:33:34','SYSTEM','2014-07-20 09:43:15','4028819d475166e9014751670f0800b2','天涯 - 山西','http://bbs.tianya.cn/list-88-1.shtml','T','A','http://bbs.tianya.cn','cd50c8c3c55b2c172a2fedfb63f8787b',NULL,'天涯 - 山西',NULL,NULL,'f614fe3cb2ab4eaa95605290ac6f7673'),(2,'SYSTEM','2014-07-20 09:33:34','SYSTEM','2014-07-20 10:51:02','4028819d475166e9014751670f0800b3','天涯 - 内蒙古','http://bbs.tianya.cn/list-97-1.shtml','T','A','http://bbs.tianya.cn','6c93e36840ee4d52045d4e7c39c5a1a2',NULL,'天涯 - 内蒙古',NULL,NULL,'f614fe3cb2ab4eaa95605290ac6f7673'),(3,'SYSTEM','2014-07-20 09:33:34','SYSTEM','2014-07-20 10:51:02','4028819d475166e9014751670f0900b4','天涯 - 辽宁','http://bbs.tianya.cn/list-58-1.shtml','T','A','http://bbs.tianya.cn','b725b6d6a5da968fff273c0ba7c63874',NULL,'天涯 - 辽宁',NULL,NULL,'f614fe3cb2ab4eaa95605290ac6f7673'),(1,'SYSTEM','2014-07-20 09:33:34','SYSTEM','2014-07-20 09:43:16','4028819d475166e9014751670f0900b5','天涯 - 吉林','http://bbs.tianya.cn/list-52-1.shtml','T','A','http://bbs.tianya.cn','8c033c2d1c1f7f8bef3de4dac2801322',NULL,'天涯 - 吉林',NULL,NULL,'f614fe3cb2ab4eaa95605290ac6f7673'),(2,'SYSTEM','2014-07-20 09:33:34','SYSTEM','2014-07-20 10:51:03','4028819d475166e9014751670f0a00b6','天涯 - 黑龙江','http://bbs.tianya.cn/list-82-1.shtml','T','A','http://bbs.tianya.cn','1adf9eaac6d8eca53f7e2bcce2142281',NULL,'天涯 - 黑龙江',NULL,NULL,'f614fe3cb2ab4eaa95605290ac6f7673'),(3,'SYSTEM','2014-07-20 09:33:34','SYSTEM','2014-07-20 10:51:03','4028819d475166e9014751670f0a00b7','天涯 - 上海','http://bbs.tianya.cn/list-41-1.shtml','T','A','http://bbs.tianya.cn','cb3432b4dc6949704202ba88871bb27e',NULL,'天涯 - 上海',NULL,NULL,'f614fe3cb2ab4eaa95605290ac6f7673'),(3,'SYSTEM','2014-07-20 09:33:34','SYSTEM','2014-07-20 10:51:05','4028819d475166e9014751670f0b00b8','天涯 - 江苏','http://bbs.tianya.cn/list-65-1.shtml','T','A','http://bbs.tianya.cn','2ab2d5d3db59acc20a3c3cd03edfe324',NULL,'天涯 - 江苏',NULL,NULL,'f614fe3cb2ab4eaa95605290ac6f7673'),(2,'SYSTEM','2014-07-20 09:33:34','SYSTEM','2014-07-20 10:51:03','4028819d475166e9014751670f0c00b9','天涯 - 浙江','http://bbs.tianya.cn/list-61-1.shtml','T','A','http://bbs.tianya.cn','f50887d453c7662085932932df438bcd',NULL,'天涯 - 浙江',NULL,NULL,'f614fe3cb2ab4eaa95605290ac6f7673'),(3,'SYSTEM','2014-07-20 09:33:34','SYSTEM','2014-07-20 10:51:03','4028819d475166e9014751670f0c00ba','天涯 - 安徽','http://bbs.tianya.cn/list-78-1.shtml','T','A','http://bbs.tianya.cn','34f5ada74faa4a85d7456aaa73126b1d',NULL,'天涯 - 安徽',NULL,NULL,'f614fe3cb2ab4eaa95605290ac6f7673'),(3,'SYSTEM','2014-07-20 09:33:34','SYSTEM','2014-07-20 10:51:03','4028819d475166e9014751670f0d00bb','天涯 - 江西','http://bbs.tianya.cn/list-90-1.shtml','T','A','http://bbs.tianya.cn','507a6db859a840e87175e55eb3bb62f2',NULL,'天涯 - 江西',NULL,NULL,'f614fe3cb2ab4eaa95605290ac6f7673'),(2,'SYSTEM','2014-07-20 09:33:34','SYSTEM','2014-07-20 10:20:14','4028819d475166e9014751670f0d00bc','天涯 - 广东','http://bbs.tianya.cn/list-44-1.shtml','T','A','http://bbs.tianya.cn','69ed0523c02f64e0c1c35556e81695bb',NULL,'天涯 - 广东',NULL,NULL,'f614fe3cb2ab4eaa95605290ac6f7673'),(1,'SYSTEM','2014-07-20 09:33:34','SYSTEM','2014-07-20 09:43:17','4028819d475166e9014751670f0e00bd','天涯 - 广西','http://bbs.tianya.cn/list-79-1.shtml','T','A','http://bbs.tianya.cn','ff8ad5adf1c3e6d7a6b2b5df5461cea0',NULL,'天涯 - 广西',NULL,NULL,'f614fe3cb2ab4eaa95605290ac6f7673'),(3,'SYSTEM','2014-07-20 09:33:34','SYSTEM','2014-07-20 10:51:04','4028819d475166e9014751670f0e00be','天涯 - 湖南','http://bbs.tianya.cn/list-56-1.shtml','T','A','http://bbs.tianya.cn','083b9a331ad9b5b903070e0e3438261a',NULL,'天涯 - 湖南',NULL,NULL,'f614fe3cb2ab4eaa95605290ac6f7673'),(3,'SYSTEM','2014-07-20 09:33:34','SYSTEM','2014-07-20 10:51:03','4028819d475166e9014751670f0f00bf','天涯 - 湖北','http://bbs.tianya.cn/list-46-1.shtml','T','A','http://bbs.tianya.cn','ccc3f795eba98218ae3d106fd1d1dc9e',NULL,'天涯 - 湖北',NULL,NULL,'f614fe3cb2ab4eaa95605290ac6f7673'),(2,'SYSTEM','2014-07-20 09:33:34','SYSTEM','2014-07-20 10:20:14','4028819d475166e9014751670f1000c0','天涯 - 福建','http://bbs.tianya.cn/list-92-1.shtml','T','A','http://bbs.tianya.cn','edb7e8ca26f13d52dce3522768f672a1',NULL,'天涯 - 福建',NULL,NULL,'f614fe3cb2ab4eaa95605290ac6f7673'),(3,'SYSTEM','2014-07-20 09:33:34','SYSTEM','2014-07-20 10:51:04','4028819d475166e9014751670f1000c1','天涯 - 海南','http://bbs.tianya.cn/list-hn-1.shtml','T','A','http://bbs.tianya.cn','43dd6c9d6a9f9ab0fc4a976702bf2186',NULL,'天涯 - 海南',NULL,NULL,'f614fe3cb2ab4eaa95605290ac6f7673'),(3,'SYSTEM','2014-07-20 09:33:34','SYSTEM','2014-07-20 10:51:04','4028819d475166e9014751670f1100c2','天涯 - 重庆','http://bbs.tianya.cn/list-45-1.shtml','T','A','http://bbs.tianya.cn','11cfe571ae22d9c488d399ca566ac1d2',NULL,'天涯 - 重庆',NULL,NULL,'f614fe3cb2ab4eaa95605290ac6f7673'),(3,'SYSTEM','2014-07-20 09:33:34','SYSTEM','2014-07-20 10:51:06','4028819d475166e9014751670f1100c3','天涯 - 四川','http://bbs.tianya.cn/list-63-1.shtml','T','A','http://bbs.tianya.cn','22d3f48057e0f780275665d1bedfb93f',NULL,'天涯 - 四川',NULL,NULL,'f614fe3cb2ab4eaa95605290ac6f7673'),(2,'SYSTEM','2014-07-20 09:33:34','SYSTEM','2014-07-20 10:51:04','4028819d475166e9014751670f1200c4','天涯 - 贵州','http://bbs.tianya.cn/list-178-1.shtml','T','A','http://bbs.tianya.cn','3221891bcdfeab0234da85173ba5a41f',NULL,'天涯 - 贵州',NULL,NULL,'f614fe3cb2ab4eaa95605290ac6f7673'),(3,'SYSTEM','2014-07-20 09:33:34','SYSTEM','2014-07-20 10:51:04','4028819d475166e9014751670f1200c5','天涯 - 云南','http://bbs.tianya.cn/list-62-1.shtml','T','A','http://bbs.tianya.cn','2275a5917a03298595657023748b4a0a',NULL,'天涯 - 云南',NULL,NULL,'f614fe3cb2ab4eaa95605290ac6f7673'),(1,'SYSTEM','2014-07-20 09:33:34','SYSTEM','2014-07-20 09:43:00','4028819d475166e9014751670f1300c6','天涯 - 西藏','http://bbs.tianya.cn/list-153-1.shtml','T','A','http://bbs.tianya.cn','159c985687936f9456744ec9bab7619d',NULL,'天涯 - 西藏',NULL,NULL,'f614fe3cb2ab4eaa95605290ac6f7673'),(1,'SYSTEM','2014-07-20 09:33:34','SYSTEM','2014-07-20 09:43:08','4028819d475166e9014751670f1400c7','天涯 - 甘肃','http://bbs.tianya.cn/list-183-1.shtml','T','A','http://bbs.tianya.cn','149222d64fd18d50ed14bbd4e788f1c2',NULL,'天涯 - 甘肃',NULL,NULL,'f614fe3cb2ab4eaa95605290ac6f7673'),(3,'SYSTEM','2014-07-20 09:33:34','SYSTEM','2014-07-20 10:51:04','4028819d475166e9014751670f1500c8','天涯 - 陕西','http://bbs.tianya.cn/list-60-1.shtml','T','A','http://bbs.tianya.cn','19e91c6291f03a06e02f3d0c2b3beea7',NULL,'天涯 - 陕西',NULL,NULL,'f614fe3cb2ab4eaa95605290ac6f7673'),(1,'SYSTEM','2014-07-20 09:33:34','SYSTEM','2014-07-20 09:42:53','4028819d475166e9014751670f1600c9','天涯 - 宁夏','http://bbs.tianya.cn/list-191-1.shtml','T','A','http://bbs.tianya.cn','072671d8d4094bc91154b64d033e4a1b',NULL,'天涯 - 宁夏',NULL,NULL,'f614fe3cb2ab4eaa95605290ac6f7673'),(1,'SYSTEM','2014-07-20 09:33:34','SYSTEM','2014-07-20 09:42:57','4028819d475166e9014751670f1700ca','天涯 - 青海','http://bbs.tianya.cn/list-203-1.shtml','T','A','http://bbs.tianya.cn','240a5ab071651ba5e07db7d1d2979825',NULL,'天涯 - 青海',NULL,NULL,'f614fe3cb2ab4eaa95605290ac6f7673'),(2,'SYSTEM','2014-07-20 09:33:34','SYSTEM','2014-07-20 10:20:15','4028819d475166e9014751670f1800cb','天涯 - 新疆','http://bbs.tianya.cn/list-173-1.shtml','T','A','http://bbs.tianya.cn','73d960e33032482c758111adce9ab077',NULL,'天涯 - 新疆',NULL,NULL,'f614fe3cb2ab4eaa95605290ac6f7673'),(3,'SYSTEM','2014-07-20 09:33:34','SYSTEM','2014-07-20 10:51:05','4028819d475166e9014751670f1900cc','天涯 - 香港','http://bbs.tianya.cn/list-208-1.shtml','T','A','http://bbs.tianya.cn','53bc57c70834083d9e4586e383dc3db5',NULL,'天涯 - 香港',NULL,NULL,'f614fe3cb2ab4eaa95605290ac6f7673'),(2,'SYSTEM','2014-07-20 09:33:34','SYSTEM','2014-07-20 10:20:16','4028819d475166e9014751670f1a00cd','天涯 - 澳门时光','http://bbs.tianya.cn/list-331-1.shtml','T','A','http://bbs.tianya.cn','a187253c0ad001da1254ebca574ede38',NULL,'天涯 - 澳门时光',NULL,NULL,'f614fe3cb2ab4eaa95605290ac6f7673'),(3,'SYSTEM','2014-07-20 09:33:34','SYSTEM','2014-07-20 10:51:05','4028819d475166e9014751670f1b00ce','天涯 - 美国','http://bbs.tianya.cn/list-338-1.shtml','T','A','http://bbs.tianya.cn','be96bd409f90fed1bc15bde6f3064a54',NULL,'天涯 - 美国',NULL,NULL,'f614fe3cb2ab4eaa95605290ac6f7673'),(3,'SYSTEM','2014-07-20 09:33:34','SYSTEM','2014-07-20 10:51:05','4028819d475166e9014751670f1c00cf','天涯 - 加拿大','http://bbs.tianya.cn/list-339-1.shtml','T','A','http://bbs.tianya.cn','5dc8c4337b72f1f09082e63ac21fd2f4',NULL,'天涯 - 加拿大',NULL,NULL,'f614fe3cb2ab4eaa95605290ac6f7673'),(1,'SYSTEM','2014-07-20 09:33:34','SYSTEM','2014-07-20 09:42:58','4028819d475166e9014751670f1c00d0','天涯 - 巴西','http://bbs.tianya.cn/list-5032-1.shtml','T','A','http://bbs.tianya.cn','ce530b88758733008f820d083338d73b',NULL,'天涯 - 巴西',NULL,NULL,'f614fe3cb2ab4eaa95605290ac6f7673'),(3,'SYSTEM','2014-07-20 09:33:34','SYSTEM','2014-07-20 10:51:06','4028819d475166e9014751670f1d00d1','天涯 - 新西兰','http://bbs.tianya.cn/list-5153-1.shtml','T','A','http://bbs.tianya.cn','6ad7f7933c2b6a20686eafe204efad64',NULL,'天涯 - 新西兰',NULL,NULL,'f614fe3cb2ab4eaa95605290ac6f7673'),(1,'SYSTEM','2014-07-20 09:33:34','SYSTEM','2014-07-20 09:43:00','4028819d475166e9014751670f1e00d2','天涯 - 澳大利亚','http://bbs.tianya.cn/list-340-1.shtml','T','A','http://bbs.tianya.cn','e8e30091f256a883514468fe60ad55e3',NULL,'天涯 - 澳大利亚',NULL,NULL,'f614fe3cb2ab4eaa95605290ac6f7673'),(3,'SYSTEM','2014-07-20 09:33:34','SYSTEM','2014-07-20 10:51:09','4028819d475166e9014751670f1f00d3','天涯 - 日本','http://bbs.tianya.cn/list-5154-1.shtml','T','A','http://bbs.tianya.cn','b7abd14c7c2124cbc4316d3cae76c933',NULL,'天涯 - 日本',NULL,NULL,'f614fe3cb2ab4eaa95605290ac6f7673'),(1,'SYSTEM','2014-07-20 09:33:34','SYSTEM','2014-07-20 09:43:01','4028819d475166e9014751670f2000d4','天涯 - 韩国','http://bbs.tianya.cn/list-388-1.shtml','T','A','http://bbs.tianya.cn','f68a14041555042669ea7796ceea1d68',NULL,'天涯 - 韩国',NULL,NULL,'f614fe3cb2ab4eaa95605290ac6f7673'),(2,'SYSTEM','2014-07-20 09:33:34','SYSTEM','2014-07-20 10:20:16','4028819d475166e9014751670f2100d5','天涯 - 迪拜','http://bbs.tianya.cn/list-5240-1.shtml','T','A','http://bbs.tianya.cn','f468bc066f1460b080e4059d7153dca1',NULL,'天涯 - 迪拜',NULL,NULL,'f614fe3cb2ab4eaa95605290ac6f7673'),(1,'SYSTEM','2014-07-20 09:33:34','SYSTEM','2014-07-20 09:43:00','4028819d475166e9014751670f2200d6','天涯 - 马尔代夫','http://bbs.tianya.cn/list-5230-1.shtml','T','A','http://bbs.tianya.cn','2068cfb9a244e91db366001288d40e71',NULL,'天涯 - 马尔代夫',NULL,NULL,'f614fe3cb2ab4eaa95605290ac6f7673'),(1,'SYSTEM','2014-07-20 09:33:34','SYSTEM','2014-07-20 09:43:05','4028819d475166e9014751670f2300d7','天涯 - 新加坡','http://bbs.tianya.cn/list-235-1.shtml','T','A','http://bbs.tianya.cn','33086bcdb4c6b72738b744113d908a21',NULL,'天涯 - 新加坡',NULL,NULL,'f614fe3cb2ab4eaa95605290ac6f7673'),(1,'SYSTEM','2014-07-20 09:33:34','SYSTEM','2014-07-20 09:43:00','4028819d475166e9014751670f2300d8','天涯 - 马来西亚','http://bbs.tianya.cn/list-5038-1.shtml','T','A','http://bbs.tianya.cn','f16710b1efa32e89c455b492369c0f07',NULL,'天涯 - 马来西亚',NULL,NULL,'f614fe3cb2ab4eaa95605290ac6f7673'),(1,'SYSTEM','2014-07-20 09:33:34','SYSTEM','2014-07-20 09:42:59','4028819d475166e9014751670f2400d9','天涯 - 泰国','http://bbs.tianya.cn/list-5037-1.shtml','T','A','http://bbs.tianya.cn','5e99ad281c1a28c7bd3e7ce356545637',NULL,'天涯 - 泰国',NULL,NULL,'f614fe3cb2ab4eaa95605290ac6f7673'),(1,'SYSTEM','2014-07-20 09:33:34','SYSTEM','2014-07-20 09:42:51','4028819d475166e9014751670f2400da','天涯 - 越南','http://bbs.tianya.cn/list-5156-1.shtml','T','A','http://bbs.tianya.cn','8649e9116b0706aa040da02541cf8a14',NULL,'天涯 - 越南',NULL,NULL,'f614fe3cb2ab4eaa95605290ac6f7673'),(2,'SYSTEM','2014-07-20 09:33:34','SYSTEM','2014-07-20 10:20:17','4028819d475166e9014751670f2500db','天涯 - 菲律宾','http://bbs.tianya.cn/list-5030-1.shtml','T','A','http://bbs.tianya.cn','0d78cbe6620fe6b051fade6cd0328409',NULL,'天涯 - 菲律宾',NULL,NULL,'f614fe3cb2ab4eaa95605290ac6f7673'),(1,'SYSTEM','2014-07-20 09:33:34','SYSTEM','2014-07-20 09:42:45','4028819d475166e9014751670f2600dc','天涯 - 印度尼西亚','http://bbs.tianya.cn/list-5155-1.shtml','T','A','http://bbs.tianya.cn','d80ecbf21485288cc15bbe8ad36b8337',NULL,'天涯 - 印度尼西亚',NULL,NULL,'f614fe3cb2ab4eaa95605290ac6f7673'),(1,'SYSTEM','2014-07-20 09:33:34','SYSTEM','2014-07-20 09:42:48','4028819d475166e9014751670f2600dd','天涯 - 印度','http://bbs.tianya.cn/list-5036-1.shtml','T','A','http://bbs.tianya.cn','97980e566b6569e33d0593e18112635c',NULL,'天涯 - 印度',NULL,NULL,'f614fe3cb2ab4eaa95605290ac6f7673'),(1,'SYSTEM','2014-07-20 09:33:34','SYSTEM','2014-07-20 09:43:02','4028819d475166e9014751670f2700de','天涯 - 英国','http://bbs.tianya.cn/list-89-1.shtml','T','A','http://bbs.tianya.cn','dd8eab7fe0cfb42dbf3b1b638cbee34b',NULL,'天涯 - 英国',NULL,NULL,'f614fe3cb2ab4eaa95605290ac6f7673'),(1,'SYSTEM','2014-07-20 09:33:34','SYSTEM','2014-07-20 09:42:53','4028819d475166e9014751670f2700df','天涯 - 德国','http://bbs.tianya.cn/list-393-1.shtml','T','A','http://bbs.tianya.cn','fae23c271c2de4209d8e9451e25dedfb',NULL,'天涯 - 德国',NULL,NULL,'f614fe3cb2ab4eaa95605290ac6f7673'),(2,'SYSTEM','2014-07-20 09:33:34','SYSTEM','2014-07-20 10:51:07','4028819d475166e9014751670f2800e0','天涯 - 法国','http://bbs.tianya.cn/list-341-1.shtml','T','A','http://bbs.tianya.cn','a1432ee2f4815f0a5cf02ee7cb57e8e6',NULL,'天涯 - 法国',NULL,NULL,'f614fe3cb2ab4eaa95605290ac6f7673'),(1,'SYSTEM','2014-07-20 09:33:34','SYSTEM','2014-07-20 09:43:02','4028819d475166e9014751670f2800e1','天涯 - 西班牙','http://bbs.tianya.cn/list-5028-1.shtml','T','A','http://bbs.tianya.cn','bd8a532a95e38702a5f2c7b04e1188de',NULL,'天涯 - 西班牙',NULL,NULL,'f614fe3cb2ab4eaa95605290ac6f7673'),(1,'SYSTEM','2014-07-20 09:33:34','SYSTEM','2014-07-20 09:43:07','4028819d475166e9014751670f2900e2','天涯 - 俄罗斯','http://bbs.tianya.cn/list-5031-1.shtml','T','A','http://bbs.tianya.cn','ee1556137a7bee765c7e406fd35738bb',NULL,'天涯 - 俄罗斯',NULL,NULL,'f614fe3cb2ab4eaa95605290ac6f7673'),(1,'SYSTEM','2014-07-20 09:33:34','SYSTEM','2014-07-20 09:42:56','4028819d475166e9014751670f2900e3','天涯 - 南非','http://bbs.tianya.cn/list-5033-1.shtml','T','A','http://bbs.tianya.cn','b08bc31b12c484fc952152c33d5c8c54',NULL,'天涯 - 南非',NULL,NULL,'f614fe3cb2ab4eaa95605290ac6f7673'),(3,'SYSTEM','2014-07-20 09:33:34','SYSTEM','2014-07-20 10:51:08','4028819d475166e9014751670f2a00e4','天涯 - 工薪一族','http://bbs.tianya.cn/list-170-1.shtml','T','A','http://bbs.tianya.cn','3a0ca9dd416c42a739acb007aa59075e',NULL,'天涯 - 工薪一族',NULL,NULL,'f614fe3cb2ab4eaa95605290ac6f7673'),(3,'SYSTEM','2014-07-20 09:33:34','SYSTEM','2014-07-20 10:51:08','4028819d475166e9014751670f2a00e5','天涯 - 职业女性','http://bbs.tianya.cn/list-443-1.shtml','T','A','http://bbs.tianya.cn','9564cd37bc3133e6e9c94a722d4ec624',NULL,'天涯 - 职业女性',NULL,NULL,'f614fe3cb2ab4eaa95605290ac6f7673'),(3,'SYSTEM','2014-07-20 09:33:34','SYSTEM','2014-07-20 10:51:15','4028819d475166e9014751670f2b00e6','天涯 - 求职招聘','http://bbs.tianya.cn/list-763-1.shtml','T','A','http://bbs.tianya.cn','a9f50b19f668a647cded1c960eb31bca',NULL,'天涯 - 求职招聘',NULL,NULL,'f614fe3cb2ab4eaa95605290ac6f7673'),(1,'SYSTEM','2014-07-20 09:33:34','SYSTEM','2014-07-20 09:43:03','4028819d475166e9014751670f2c00e7','天涯 - 经理人','http://bbs.tianya.cn/list-415-1.shtml','T','A','http://bbs.tianya.cn','5419ee6199528e33aa2b207ade535faf',NULL,'天涯 - 经理人',NULL,NULL,'f614fe3cb2ab4eaa95605290ac6f7673'),(2,'SYSTEM','2014-07-20 09:33:34','SYSTEM','2014-07-20 10:20:21','4028819d475166e9014751670f2c00e8','天涯 - 工程师','http://bbs.tianya.cn/list-417-1.shtml','T','A','http://bbs.tianya.cn','01aac6563810d48469be8945d82a427b',NULL,'天涯 - 工程师',NULL,NULL,'f614fe3cb2ab4eaa95605290ac6f7673'),(2,'SYSTEM','2014-07-20 09:33:34','SYSTEM','2014-07-20 10:20:23','4028819d475166e9014751670f2d00e9','天涯 - 程序员','http://bbs.tianya.cn/list-414-1.shtml','T','A','http://bbs.tianya.cn','6dcffef4b1f216286b4008fa296081ad',NULL,'天涯 - 程序员',NULL,NULL,'f614fe3cb2ab4eaa95605290ac6f7673'),(3,'SYSTEM','2014-07-20 09:33:34','SYSTEM','2014-07-20 10:51:09','4028819d475166e9014751670f2d00ea','天涯 - 设计师','http://bbs.tianya.cn/list-444-1.shtml','T','A','http://bbs.tianya.cn','bea8b9f4f8e2987e1af7c968ca27253f',NULL,'天涯 - 设计师',NULL,NULL,'f614fe3cb2ab4eaa95605290ac6f7673'),(2,'SYSTEM','2014-07-20 09:33:34','SYSTEM','2014-07-20 10:51:09','4028819d475166e9014751670f2e00eb','天涯 - 医护人员','http://bbs.tianya.cn/list-413-1.shtml','T','A','http://bbs.tianya.cn','c367d4f322384de3232e1d745bfc0ae3',NULL,'天涯 - 医护人员',NULL,NULL,'f614fe3cb2ab4eaa95605290ac6f7673'),(3,'SYSTEM','2014-07-20 09:33:34','SYSTEM','2014-07-20 10:51:09','4028819d475166e9014751670f2e00ec','天涯 - 会计','http://bbs.tianya.cn/list-361-1.shtml','T','A','http://bbs.tianya.cn','137a2f9d08895c2cb69cab3f7c1dd46b',NULL,'天涯 - 会计',NULL,NULL,'f614fe3cb2ab4eaa95605290ac6f7673'),(3,'SYSTEM','2014-07-20 09:33:34','SYSTEM','2014-07-20 10:51:09','4028819d475166e9014751670f2f00ed','天涯 - 教师','http://bbs.tianya.cn/list-140-1.shtml','T','A','http://bbs.tianya.cn','ea21716582643f4b892c8bc88152754d',NULL,'天涯 - 教师',NULL,NULL,'f614fe3cb2ab4eaa95605290ac6f7673'),(2,'SYSTEM','2014-07-20 09:33:34','SYSTEM','2014-07-20 10:20:19','4028819d475166e9014751670f3000ee','天涯 - 人力资源','http://bbs.tianya.cn/list-217-1.shtml','T','A','http://bbs.tianya.cn','3c30c1082e6d677ee3279c185559b613',NULL,'天涯 - 人力资源',NULL,NULL,'f614fe3cb2ab4eaa95605290ac6f7673'),(2,'SYSTEM','2014-07-20 09:33:34','SYSTEM','2014-07-20 10:20:20','4028819d475166e9014751670f3000ef','天涯 - 编辑记者','http://bbs.tianya.cn/list-142-1.shtml','T','A','http://bbs.tianya.cn','afd3357505deb97557d1372753e4c9b4',NULL,'天涯 - 编辑记者',NULL,NULL,'f614fe3cb2ab4eaa95605290ac6f7673'),(3,'SYSTEM','2014-07-20 09:33:34','SYSTEM','2014-07-20 10:51:09','4028819d475166e9014751670f3100f0','天涯 - 市场营销','http://bbs.tianya.cn/list-152-1.shtml','T','A','http://bbs.tianya.cn','1d52f4dfcbaf83738b881ef6629f2685',NULL,'天涯 - 市场营销',NULL,NULL,'f614fe3cb2ab4eaa95605290ac6f7673'),(2,'SYSTEM','2014-07-20 09:33:34','SYSTEM','2014-07-20 10:20:19','4028819d475166e9014751670f3100f1','天涯 - 采购人','http://bbs.tianya.cn/list-494-1.shtml','T','A','http://bbs.tianya.cn','b4c56fa5368e3b847b51fc090b6b1333',NULL,'天涯 - 采购人',NULL,NULL,'f614fe3cb2ab4eaa95605290ac6f7673'),(1,'SYSTEM','2014-07-20 09:33:34','SYSTEM','2014-07-20 09:42:53','4028819d475166e9014751670f3200f2','天涯 - 物流管理','http://bbs.tianya.cn/list-54-1.shtml','T','A','http://bbs.tianya.cn','614f341e553c6ff249aab97e29bed961',NULL,'天涯 - 物流管理',NULL,NULL,'f614fe3cb2ab4eaa95605290ac6f7673'),(3,'SYSTEM','2014-07-20 09:33:34','SYSTEM','2014-07-20 10:51:09','4028819d475166e9014751670f3200f3','天涯 - 公务员','http://bbs.tianya.cn/list-188-1.shtml','T','A','http://bbs.tianya.cn','96593c783157175c647ce0e196d3be56',NULL,'天涯 - 公务员',NULL,NULL,'f614fe3cb2ab4eaa95605290ac6f7673'),(2,'SYSTEM','2014-07-20 09:33:34','SYSTEM','2014-07-20 10:51:11','4028819d475166e9014751670f3300f4','天涯 - 警察天地','http://bbs.tianya.cn/list-158-1.shtml','T','A','http://bbs.tianya.cn','ec46652572ceac3772941853dd9a24f3',NULL,'天涯 - 警察天地',NULL,NULL,'f614fe3cb2ab4eaa95605290ac6f7673'),(2,'SYSTEM','2014-07-20 09:33:34','SYSTEM','2014-07-20 10:20:19','4028819d475166e9014751670f3300f5','天涯 - 军人','http://bbs.tianya.cn/list-130-1.shtml','T','A','http://bbs.tianya.cn','3433c8e9f2f07a0cc40106ac80f70713',NULL,'天涯 - 军人',NULL,NULL,'f614fe3cb2ab4eaa95605290ac6f7673'),(2,'SYSTEM','2014-07-20 09:33:34','SYSTEM','2014-07-20 10:51:10','4028819d475166e9014751670f3400f6','天涯 - 农林牧渔业','http://bbs.tianya.cn/list-470-1.shtml','T','A','http://bbs.tianya.cn','89eaa10e5f195194f03e850b917ffba2',NULL,'天涯 - 农林牧渔业',NULL,NULL,'f614fe3cb2ab4eaa95605290ac6f7673'),(3,'SYSTEM','2014-07-20 09:33:34','SYSTEM','2014-07-20 10:51:10','4028819d475166e9014751670f3400f7','天涯 - 矿产能源业','http://bbs.tianya.cn/list-471-1.shtml','T','A','http://bbs.tianya.cn','fbb0a75eafd59d858a396e42ce3f9cdf',NULL,'天涯 - 矿产能源业',NULL,NULL,'f614fe3cb2ab4eaa95605290ac6f7673'),(3,'SYSTEM','2014-07-20 09:33:34','SYSTEM','2014-07-20 10:51:10','4028819d475166e9014751670f3500f8','天涯 - 制造业','http://bbs.tianya.cn/list-416-1.shtml','T','A','http://bbs.tianya.cn','f49c9d59a1579077d456ad194e19f017',NULL,'天涯 - 制造业',NULL,NULL,'f614fe3cb2ab4eaa95605290ac6f7673'),(1,'SYSTEM','2014-07-20 09:33:34','SYSTEM','2014-07-20 09:43:04','4028819d475166e9014751670f3500f9','天涯 - 零售业','http://bbs.tianya.cn/list-474-1.shtml','T','A','http://bbs.tianya.cn','b847ad96061b96dab3a6b93216450964',NULL,'天涯 - 零售业',NULL,NULL,'f614fe3cb2ab4eaa95605290ac6f7673'),(3,'SYSTEM','2014-07-20 09:33:34','SYSTEM','2014-07-20 10:51:11','4028819d475166e9014751670f3600fa','天涯 - 服装纺织业','http://bbs.tianya.cn/list-447-1.shtml','T','A','http://bbs.tianya.cn','d0c3d693cbac497a1967fbb1ec2f9a5c',NULL,'天涯 - 服装纺织业',NULL,NULL,'f614fe3cb2ab4eaa95605290ac6f7673'),(2,'SYSTEM','2014-07-20 09:33:34','SYSTEM','2014-07-20 10:20:22','4028819d475166e9014751670f3700fb','天涯 - 建筑业','http://bbs.tianya.cn/list-144-1.shtml','T','A','http://bbs.tianya.cn','c2ba9885c7e094d242ddb8b84afab822',NULL,'天涯 - 建筑业',NULL,NULL,'f614fe3cb2ab4eaa95605290ac6f7673'),(2,'SYSTEM','2014-07-20 09:33:34','SYSTEM','2014-07-20 10:20:20','4028819d475166e9014751670f3700fc','天涯 - 交通业','http://bbs.tianya.cn/list-21-1.shtml','T','A','http://bbs.tianya.cn','d6b7a72288146c345e1b7e47e93c3dd3',NULL,'天涯 - 交通业',NULL,NULL,'f614fe3cb2ab4eaa95605290ac6f7673'),(1,'SYSTEM','2014-07-20 09:33:34','SYSTEM','2014-07-20 09:43:02','4028819d475166e9014751670f3800fd','天涯 - 通信业','http://bbs.tianya.cn/list-448-1.shtml','T','A','http://bbs.tianya.cn','f9ac06add457a44e9f04bf90a50383bf',NULL,'天涯 - 通信业',NULL,NULL,'f614fe3cb2ab4eaa95605290ac6f7673'),(2,'SYSTEM','2014-07-20 09:33:34','SYSTEM','2014-07-20 10:51:10','4028819d475166e9014751670f3800fe','天涯 - 进出口贸易','http://bbs.tianya.cn/list-141-1.shtml','T','A','http://bbs.tianya.cn','55f90e172613f06378aa5c1291df0641',NULL,'天涯 - 进出口贸易',NULL,NULL,'f614fe3cb2ab4eaa95605290ac6f7673'),(1,'SYSTEM','2014-07-20 09:33:34','SYSTEM','2014-07-20 09:43:06','4028819d475166e9014751670f3900ff','天涯 - 酒店服务业','http://bbs.tianya.cn/list-143-1.shtml','T','A','http://bbs.tianya.cn','396a56910c20d7a57c64868a6a2b9592',NULL,'天涯 - 酒店服务业',NULL,NULL,'f614fe3cb2ab4eaa95605290ac6f7673'),(2,'SYSTEM','2014-07-20 09:33:34','SYSTEM','2014-07-20 10:51:11','4028819d475166e9014751670f390100','天涯 - 金融业','http://bbs.tianya.cn/list-362-1.shtml','T','A','http://bbs.tianya.cn','e2349dc74bf1d0795de04905e8362a04',NULL,'天涯 - 金融业',NULL,NULL,'f614fe3cb2ab4eaa95605290ac6f7673'),(1,'SYSTEM','2014-07-20 09:33:34','SYSTEM','2014-07-20 09:43:21','4028819d475166e9014751670f3a0101','天涯 - 图书出版','http://bbs.tianya.cn/list-476-1.shtml','T','A','http://bbs.tianya.cn','e83271db3ad4bce9d15d6ea48ad0d9e1',NULL,'天涯 - 图书出版',NULL,NULL,'f614fe3cb2ab4eaa95605290ac6f7673'),(1,'SYSTEM','2014-07-20 09:33:34','SYSTEM','2014-07-20 09:42:49','4028819d475166e9014751670f3a0102','天涯 - 文体娱乐业','http://bbs.tianya.cn/list-477-1.shtml','T','A','http://bbs.tianya.cn','789dc7b0b53a5355c666186d45240a5a',NULL,'天涯 - 文体娱乐业',NULL,NULL,'f614fe3cb2ab4eaa95605290ac6f7673'),(1,'SYSTEM','2014-07-20 09:33:34','SYSTEM','2014-07-20 09:43:05','4028819d475166e9014751670f3b0103','天涯 - 中兴通讯','http://bbs.tianya.cn/list-845-1.shtml','T','A','http://bbs.tianya.cn','121ce63bd6989072cf22a5b737288978',NULL,'天涯 - 中兴通讯',NULL,NULL,'f614fe3cb2ab4eaa95605290ac6f7673'),(1,'SYSTEM','2014-07-20 09:33:34','SYSTEM','2014-07-20 09:43:01','4028819d475166e9014751670f3b0104','天涯 - 海南航空','http://bbs.tianya.cn/list-517-1.shtml','T','A','http://bbs.tianya.cn','5fcfa6821ed5b7df8c5a24cce112a105',NULL,'天涯 - 海南航空',NULL,NULL,'f614fe3cb2ab4eaa95605290ac6f7673'),(1,'SYSTEM','2014-07-20 09:33:34','SYSTEM','2014-07-20 09:43:06','4028819d475166e9014751670f3c0105','天涯 - 富士康','http://bbs.tianya.cn/list-863-1.shtml','T','A','http://bbs.tianya.cn','c3e32f8f4fa8fa00a20e1d800fa2f8d5',NULL,'天涯 - 富士康',NULL,NULL,'f614fe3cb2ab4eaa95605290ac6f7673'),(1,'SYSTEM','2014-07-20 09:33:34','SYSTEM','2014-07-20 09:43:04','4028819d475166e9014751670f3d0106','天涯 - 国美','http://bbs.tianya.cn/list-857-1.shtml','T','A','http://bbs.tianya.cn','c819a54be02728a79e30794bbeabf235',NULL,'天涯 - 国美',NULL,NULL,'f614fe3cb2ab4eaa95605290ac6f7673'),(1,'SYSTEM','2014-07-20 09:33:34','SYSTEM','2014-07-20 09:42:50','4028819d475166e9014751670f3e0107','天涯 - 苏宁','http://bbs.tianya.cn/list-858-1.shtml','T','A','http://bbs.tianya.cn','1269fa7b08ade4b15caebff9b7bd9ffd',NULL,'天涯 - 苏宁',NULL,NULL,'f614fe3cb2ab4eaa95605290ac6f7673'),(1,'SYSTEM','2014-07-20 09:33:34','SYSTEM','2014-07-20 09:42:57','4028819d475166e9014751670f3f0108','天涯 - 沃尔玛','http://bbs.tianya.cn/list-859-1.shtml','T','A','http://bbs.tianya.cn','13271a64db87d55032b3d8014e6ab829',NULL,'天涯 - 沃尔玛',NULL,NULL,'f614fe3cb2ab4eaa95605290ac6f7673'),(1,'SYSTEM','2014-07-20 09:33:34','SYSTEM','2014-07-20 09:42:47','4028819d475166e9014751670f3f0109','天涯 - 中国石油','http://bbs.tianya.cn/list-849-1.shtml','T','A','http://bbs.tianya.cn','3ecfa24148b5e54f7de05be3e5317ba1',NULL,'天涯 - 中国石油',NULL,NULL,'f614fe3cb2ab4eaa95605290ac6f7673'),(1,'SYSTEM','2014-07-20 09:33:34','SYSTEM','2014-07-20 09:42:47','4028819d475166e9014751670f40010a','天涯 - 中国石化','http://bbs.tianya.cn/list-850-1.shtml','T','A','http://bbs.tianya.cn','9911a2eb9d3b83a46286304dd225cff2',NULL,'天涯 - 中国石化',NULL,NULL,'f614fe3cb2ab4eaa95605290ac6f7673'),(1,'SYSTEM','2014-07-20 09:33:34','SYSTEM','2014-07-20 09:43:06','4028819d475166e9014751670f41010b','天涯 - 中海油','http://bbs.tianya.cn/list-851-1.shtml','T','A','http://bbs.tianya.cn','8e5a9ed38c7df56168504b8186fc6e58',NULL,'天涯 - 中海油',NULL,NULL,'f614fe3cb2ab4eaa95605290ac6f7673'),(1,'SYSTEM','2014-07-20 09:33:34','SYSTEM','2014-07-20 09:42:52','4028819d475166e9014751670f42010c','天涯 - 中国人寿','http://bbs.tianya.cn/list-860-1.shtml','T','A','http://bbs.tianya.cn','634eaf387db0dcd71d26b0930d394b02',NULL,'天涯 - 中国人寿',NULL,NULL,'f614fe3cb2ab4eaa95605290ac6f7673'),(1,'SYSTEM','2014-07-20 09:33:34','SYSTEM','2014-07-20 09:43:04','4028819d475166e9014751670f43010d','天涯 - 国家电网','http://bbs.tianya.cn/list-861-1.shtml','T','A','http://bbs.tianya.cn','0abb2458a61f312e2cf4e49eb92d3aa8',NULL,'天涯 - 国家电网',NULL,NULL,'f614fe3cb2ab4eaa95605290ac6f7673'),(1,'SYSTEM','2014-07-20 09:33:34','SYSTEM','2014-07-20 09:43:02','4028819d475166e9014751670f44010e','天涯 - 南方电网','http://bbs.tianya.cn/list-862-1.shtml','T','A','http://bbs.tianya.cn','1c862c8dad099111d332ee7bf9504ee5',NULL,'天涯 - 南方电网',NULL,NULL,'f614fe3cb2ab4eaa95605290ac6f7673'),(3,'SYSTEM','2014-07-20 09:33:34','SYSTEM','2014-07-20 10:51:12','4028819d475166e9014751670f45010f','天涯 - 女生宿舍','http://bbs.tianya.cn/list-394-1.shtml','T','A','http://bbs.tianya.cn','30b997ce281154d4e2b796d4211d0c74',NULL,'天涯 - 女生宿舍',NULL,NULL,'f614fe3cb2ab4eaa95605290ac6f7673'),(3,'SYSTEM','2014-07-20 09:33:34','SYSTEM','2014-07-20 10:51:16','4028819d475166e9014751670f460110','天涯 - 男生夜话','http://bbs.tianya.cn/list-368-1.shtml','T','A','http://bbs.tianya.cn','295edb2b3c101396b65178bb0dc33575',NULL,'天涯 - 男生夜话',NULL,NULL,'f614fe3cb2ab4eaa95605290ac6f7673'),(2,'SYSTEM','2014-07-20 09:33:34','SYSTEM','2014-07-20 10:20:23','4028819d475166e9014751670f460111','天涯 - 青春文学','http://bbs.tianya.cn/list-402-1.shtml','T','A','http://bbs.tianya.cn','93c3ef2f34dbf150ce9c64887bd53551',NULL,'天涯 - 青春文学',NULL,NULL,'f614fe3cb2ab4eaa95605290ac6f7673'),(1,'SYSTEM','2014-07-20 09:33:34','SYSTEM','2014-07-20 09:42:54','4028819d475166e9014751670f470112','天涯 - 铅笔森林','http://bbs.tianya.cn/list-70-1.shtml','T','A','http://bbs.tianya.cn','6375edea37d25b108ab5d2cf0d3bfb9d',NULL,'天涯 - 铅笔森林',NULL,NULL,'f614fe3cb2ab4eaa95605290ac6f7673'),(2,'SYSTEM','2014-07-20 09:33:34','SYSTEM','2014-07-20 10:20:23','4028819d475166e9014751670f480113','天涯 - 中学时代','http://bbs.tianya.cn/list-middleschool-1.shtml','T','A','http://bbs.tianya.cn','4c56560298a0dde89cd99e79b21816a5',NULL,'天涯 - 中学时代',NULL,NULL,'f614fe3cb2ab4eaa95605290ac6f7673'),(3,'SYSTEM','2014-07-20 09:33:34','SYSTEM','2014-07-20 10:51:16','4028819d475166e9014751670f480114','天涯 - 毕业之后','http://bbs.tianya.cn/list-395-1.shtml','T','A','http://bbs.tianya.cn','535ffa199834939090321fac0e9e4d31',NULL,'天涯 - 毕业之后',NULL,NULL,'f614fe3cb2ab4eaa95605290ac6f7673'),(1,'SYSTEM','2014-07-20 09:33:34','SYSTEM','2014-07-20 09:43:05','4028819d475166e9014751670f490115','天涯 - 校园贴图','http://bbs.tianya.cn/list-396-1.shtml','T','A','http://bbs.tianya.cn','d2b9ea5eb701398421b0d1408360b811',NULL,'天涯 - 校园贴图',NULL,NULL,'f614fe3cb2ab4eaa95605290ac6f7673'),(1,'SYSTEM','2014-07-20 09:33:34','SYSTEM','2014-07-20 09:43:05','4028819d475166e9014751670f4a0116','天涯 - 青涩情怀','http://bbs.tianya.cn/list-399-1.shtml','T','A','http://bbs.tianya.cn','2950e484aa1d16ca7af7fefeb84ec11d',NULL,'天涯 - 青涩情怀',NULL,NULL,'f614fe3cb2ab4eaa95605290ac6f7673'),(3,'SYSTEM','2014-07-20 09:33:34','SYSTEM','2014-07-20 10:51:16','4028819d475166e9014751670f4a0117','天涯 - 我爱读书','http://bbs.tianya.cn/list-378-1.shtml','T','A','http://bbs.tianya.cn','2c2bfc89e7915cb3b16d731caed6cdd5',NULL,'天涯 - 我爱读书',NULL,NULL,'f614fe3cb2ab4eaa95605290ac6f7673'),(2,'SYSTEM','2014-07-20 09:33:34','SYSTEM','2014-07-20 10:20:24','4028819d475166e9014751670f4b0118','天涯 - 时尚乐院','http://bbs.tianya.cn/list-375-1.shtml','T','A','http://bbs.tianya.cn','2d9b260ac1b73c25dacb2e820e41e8da',NULL,'天涯 - 时尚乐院',NULL,NULL,'f614fe3cb2ab4eaa95605290ac6f7673'),(1,'SYSTEM','2014-07-20 09:33:34','SYSTEM','2014-07-20 09:43:03','4028819d475166e9014751670f4c0119','天涯 - 校园歌曲','http://bbs.tianya.cn/list-401-1.shtml','T','A','http://bbs.tianya.cn','73befc4e2a08f33766f094fae572bc86',NULL,'天涯 - 校园歌曲',NULL,NULL,'f614fe3cb2ab4eaa95605290ac6f7673'),(1,'SYSTEM','2014-07-20 09:33:34','SYSTEM','2014-07-20 09:43:03','4028819d475166e9014751670f4c011a','天涯 - 北京大学','http://bbs.tianya.cn/list-1108-1.shtml','T','A','http://bbs.tianya.cn','c05f57a4df9930a5a679a4765ef65cad',NULL,'天涯 - 北京大学',NULL,NULL,'f614fe3cb2ab4eaa95605290ac6f7673'),(1,'SYSTEM','2014-07-20 09:33:34','SYSTEM','2014-07-20 09:43:04','4028819d475166e9014751670f4d011b','天涯 - 清华大学','http://bbs.tianya.cn/list-1109-1.shtml','T','A','http://bbs.tianya.cn','24c18013c2597efba85bc7a154e34021',NULL,'天涯 - 清华大学',NULL,NULL,'f614fe3cb2ab4eaa95605290ac6f7673'),(1,'SYSTEM','2014-07-20 09:33:34','SYSTEM','2014-07-20 09:42:52','4028819d475166e9014751670f4e011c','天涯 - 浙江大学','http://bbs.tianya.cn/list-370-1.shtml','T','A','http://bbs.tianya.cn','869d14f0cdb7c8ca3e52f872c90a6347',NULL,'天涯 - 浙江大学',NULL,NULL,'f614fe3cb2ab4eaa95605290ac6f7673'),(2,'SYSTEM','2014-07-20 09:33:34','SYSTEM','2014-07-20 10:20:25','4028819d475166e9014751670f4f011d','天涯 - 上海交大','http://bbs.tianya.cn/list-1110-1.shtml','T','A','http://bbs.tianya.cn','cdfecc9ab8628feedd75d3744adfeb72',NULL,'天涯 - 上海交大',NULL,NULL,'f614fe3cb2ab4eaa95605290ac6f7673'),(1,'SYSTEM','2014-07-20 09:33:34','SYSTEM','2014-07-20 09:43:02','4028819d475166e9014751670f50011e','天涯 - 复旦大学','http://bbs.tianya.cn/list-371-1.shtml','T','A','http://bbs.tianya.cn','b7d071fc8103083a3669c52dc28e7baf',NULL,'天涯 - 复旦大学',NULL,NULL,'f614fe3cb2ab4eaa95605290ac6f7673'),(2,'SYSTEM','2014-07-20 09:33:34','SYSTEM','2014-07-20 10:51:16','4028819d475166e9014751670f51011f','天涯 - 南京大学','http://bbs.tianya.cn/list-372-1.shtml','T','A','http://bbs.tianya.cn','6a692383b5890d155e920099fdcd49ee',NULL,'天涯 - 南京大学',NULL,NULL,'f614fe3cb2ab4eaa95605290ac6f7673'),(2,'SYSTEM','2014-07-20 09:33:34','SYSTEM','2014-07-20 10:20:24','4028819d475166e9014751670f520120','天涯 - 武汉大学','http://bbs.tianya.cn/list-579-1.shtml','T','A','http://bbs.tianya.cn','85b9d611eb09bafdd7292d32c60ec01e',NULL,'天涯 - 武汉大学',NULL,NULL,'f614fe3cb2ab4eaa95605290ac6f7673'),(1,'SYSTEM','2014-07-20 09:33:34','SYSTEM','2014-07-20 09:42:57','4028819d475166e9014751670f530121','天涯 - 四川大学','http://bbs.tianya.cn/list-5210-1.shtml','T','A','http://bbs.tianya.cn','898a668d333e4443eb5422d1136c9f3d',NULL,'天涯 - 四川大学',NULL,NULL,'f614fe3cb2ab4eaa95605290ac6f7673'),(1,'SYSTEM','2014-07-20 09:33:34','SYSTEM','2014-07-20 09:43:01','4028819d475166e9014751670f530122','天涯 - 中山大学校友','http://bbs.tianya.cn/list-732-1.shtml','T','A','http://bbs.tianya.cn','26f42fbcd2eb60f875f7f0bb71778b76',NULL,'天涯 - 中山大学校友',NULL,NULL,'f614fe3cb2ab4eaa95605290ac6f7673'),(2,'SYSTEM','2014-07-20 09:33:34','SYSTEM','2014-07-20 11:27:50','4028819d475166e9014751670f540123','天涯 - 哈工大','http://bbs.tianya.cn/list-382-1.shtml','T','A','http://bbs.tianya.cn','110e26cecb491b356b75d75ec00c67f3',NULL,'天涯 - 哈工大',NULL,NULL,'f614fe3cb2ab4eaa95605290ac6f7673'),(1,'SYSTEM','2014-07-20 09:33:34','SYSTEM','2014-07-20 09:42:53','4028819d475166e9014751670f540124','天涯 - 社区公告','http://bbs.tianya.cn/list-844-1.shtml','T','A','http://bbs.tianya.cn','edb4ad1d19efadeeba23a819aa1d0650',NULL,'天涯 - 社区公告',NULL,NULL,'f614fe3cb2ab4eaa95605290ac6f7673'),(3,'SYSTEM','2014-07-20 09:33:34','SYSTEM','2014-07-20 10:51:16','4028819d475166e9014751670f550125','天涯 - 建议申请','http://bbs.tianya.cn/list-apply-1.shtml','T','A','http://bbs.tianya.cn','3454e7dfe2c048db86b34beee50f584a',NULL,'天涯 - 建议申请',NULL,NULL,'f614fe3cb2ab4eaa95605290ac6f7673'),(3,'SYSTEM','2014-07-20 09:33:34','SYSTEM','2014-07-20 10:51:15','4028819d475166e9014751670f560126','天涯 - 用户投诉','http://bbs.tianya.cn/list-complaint-1.shtml','T','A','http://bbs.tianya.cn','22bf3d6d072994aa05edb45bdda98bf6',NULL,'天涯 - 用户投诉',NULL,NULL,'f614fe3cb2ab4eaa95605290ac6f7673'),(2,'SYSTEM','2014-07-20 09:33:34','SYSTEM','2014-07-20 10:51:16','4028819d475166e9014751670f560127','天涯 - 上诉申诉','http://bbs.tianya.cn/list-777-1.shtml','T','A','http://bbs.tianya.cn','85902826618bd9e05ef4ebe8c1add9ec',NULL,'天涯 - 上诉申诉',NULL,NULL,'f614fe3cb2ab4eaa95605290ac6f7673'),(3,'SYSTEM','2014-07-20 09:33:34','SYSTEM','2014-07-20 10:51:15','4028819d475166e9014751670f570128','天涯 - 议事广场','http://bbs.tianya.cn/list-discuss-1.shtml','T','A','http://bbs.tianya.cn','443f53f435425d810cbc6535137c419c',NULL,'天涯 - 议事广场',NULL,NULL,'f614fe3cb2ab4eaa95605290ac6f7673'),(2,'SYSTEM','2014-07-20 09:33:34','SYSTEM','2014-07-20 10:20:26','4028819d475166e9014751670f570129','天涯 - 社区帮助','http://bbs.tianya.cn/list-408-1.shtml','T','A','http://bbs.tianya.cn','52f50c0255f078d555607203be218707',NULL,'天涯 - 社区帮助',NULL,NULL,'f614fe3cb2ab4eaa95605290ac6f7673'),(3,'SYSTEM','2014-07-20 09:33:34','SYSTEM','2014-07-20 10:51:16','4028819d475166e9014751670f58012a','天涯 - 天涯实验场','http://bbs.tianya.cn/list-797-1.shtml','T','A','http://bbs.tianya.cn','404ead7e3a176933f326b5a17dcd18ac',NULL,'天涯 - 天涯实验场',NULL,NULL,'f614fe3cb2ab4eaa95605290ac6f7673'),(3,'SYSTEM','2014-07-20 09:33:34','SYSTEM','2014-07-20 10:51:16','4028819d475166e9014751670f58012b','天涯 - 网罗天下','http://bbs.tianya.cn/list-no110-1.shtml','T','A','http://bbs.tianya.cn','8653075ca3843eb2c636e19fd6ee9ca3',NULL,'天涯 - 网罗天下',NULL,NULL,'f614fe3cb2ab4eaa95605290ac6f7673'),(7,'Admin','2014-07-19 14:15:19','SYSTEM','2014-07-20 09:37:32','9d8197a77ad442f7ba6e0b758db5f227','天涯导航','http://bbs.tianya.cn','N','A','http://bbs.tianya.cn','e0d756da1da2cced4b2798f3354d61cf','23ff7ee6bc1243f3af873c58c075e952','天涯','','f614fe3cb2ab4eaa95605290ac6f7673','23ff7ee6bc1243f3af873c58c075e952');

/*Table structure for table `tbl_source_page_filter` */

DROP TABLE IF EXISTS `tbl_source_page_filter`;

CREATE TABLE `tbl_source_page_filter` (
  `version` int(11) NOT NULL,
  `created_by` varchar(100) NOT NULL,
  `created_dt` datetime NOT NULL,
  `updated_by` varchar(100) NOT NULL,
  `updated_dt` datetime NOT NULL,
  `id` char(32) NOT NULL,
  `sp_sample_id` char(32) DEFAULT NULL,
  `source_page_filter_name` varchar(255) NOT NULL,
  `seq_num` int(11) NOT NULL,
  PRIMARY KEY (`id`),
  KEY `tbl_source_page_filter_f5524aff` (`sp_sample_id`),
  CONSTRAINT `sp_sample_id_refs_id_acc8da33` FOREIGN KEY (`sp_sample_id`) REFERENCES `tbl_source_page_sample` (`id`)
) ENGINE=InnoDB DEFAULT CHARSET=utf8;

/*Data for the table `tbl_source_page_filter` */

insert  into `tbl_source_page_filter`(`version`,`created_by`,`created_dt`,`updated_by`,`updated_dt`,`id`,`sp_sample_id`,`source_page_filter_name`,`seq_num`) values (0,'SYSTEM','2014-07-19 13:52:46','SYSTEM','2014-07-19 13:52:46','4028819d474d2df401474d2e00590001','4028819d474d2df401474d2e00490000','_tystat=\'热帖榜\'',1),(0,'SYSTEM','2014-07-19 13:52:46','SYSTEM','2014-07-19 13:52:46','4028819d474d2df401474d2e005d0003','4028819d474d2df401474d2e00490000','ul',2),(0,'SYSTEM','2014-07-19 13:52:46','SYSTEM','2014-07-19 13:52:46','4028819d474d2df401474d2e005f0005','4028819d474d2df401474d2e00490000','li',3),(0,'SYSTEM','2014-07-19 13:52:46','SYSTEM','2014-07-19 13:52:46','4028819d474d2df401474d2e00610007','4028819d474d2df401474d2e00490000','AndFilter',4),(0,'SYSTEM','2014-07-19 13:52:46','SYSTEM','2014-07-19 13:52:46','4028819d474d2df401474d2e0128000e','4028819d474d2df401474d2e0127000d','jianshu filter',1),(0,'Admin','2014-07-19 14:20:19','Admin','2014-07-19 14:20:19','4084f09aab414e699b0f958a03467857','23ff7ee6bc1243f3af873c58c075e952','天涯导航Filter',1),(0,'Admin','2014-07-19 14:08:42','Admin','2014-07-19 14:08:42','8766844b87644cbbbe6036c704d50d4a','f614fe3cb2ab4eaa95605290ac6f7673','天涯子版Filter',1);

/*Table structure for table `tbl_source_page_filter_detail` */

DROP TABLE IF EXISTS `tbl_source_page_filter_detail`;

CREATE TABLE `tbl_source_page_filter_detail` (
  `version` int(11) NOT NULL,
  `created_by` varchar(100) NOT NULL,
  `created_dt` datetime NOT NULL,
  `updated_by` varchar(100) NOT NULL,
  `updated_dt` datetime NOT NULL,
  `id` char(32) NOT NULL,
  `page_filter_id` char(32) NOT NULL,
  `filter_id` char(32) NOT NULL,
  `param_value1` varchar(255) DEFAULT NULL,
  `param_value2` varchar(255) DEFAULT NULL,
  `parent_node_id` char(32) DEFAULT NULL,
  `sub_num` int(11) NOT NULL,
  PRIMARY KEY (`id`),
  KEY `tbl_source_page_filter_detail_a4d07448` (`page_filter_id`),
  KEY `tbl_source_page_filter_detail_4adbc251` (`filter_id`),
  KEY `tbl_source_page_filter_detail_1a54ddee` (`parent_node_id`),
  CONSTRAINT `filter_id_refs_id_ffdd4362` FOREIGN KEY (`filter_id`) REFERENCES `tbl_filter` (`id`),
  CONSTRAINT `page_filter_id_refs_id_8d4ba233` FOREIGN KEY (`page_filter_id`) REFERENCES `tbl_source_page_filter` (`id`),
  CONSTRAINT `parent_node_id_refs_id_356d70dc` FOREIGN KEY (`parent_node_id`) REFERENCES `tbl_source_page_filter_detail` (`id`)
) ENGINE=InnoDB DEFAULT CHARSET=utf8;

/*Data for the table `tbl_source_page_filter_detail` */

insert  into `tbl_source_page_filter_detail`(`version`,`created_by`,`created_dt`,`updated_by`,`updated_dt`,`id`,`page_filter_id`,`filter_id`,`param_value1`,`param_value2`,`parent_node_id`,`sub_num`) values (0,'Admin','2014-07-19 14:10:23','Admin','2014-07-19 14:10:23','060d345d1c71454ea640a2ec7e45bca8','8766844b87644cbbbe6036c704d50d4a','4028819d474d2dbc01474d2dcc840004','','','2518085d92874fd38cd3c3eca8dd528a',2),(0,'Admin','2014-07-19 14:10:59','Admin','2014-07-19 15:29:27','0729dc0f4f2f424d9a4854bac4ee1682','8766844b87644cbbbe6036c704d50d4a','4028819d474d2dbc01474d2dcc7a0002','class','td-title faceblue','060d345d1c71454ea640a2ec7e45bca8',3),(0,'Admin','2014-07-19 14:10:01','Admin','2014-07-19 14:10:01','213ff002e58e40a78512e73049350ed1','8766844b87644cbbbe6036c704d50d4a','4028819d474d2dbc01474d2dccb4000e','a','','2518085d92874fd38cd3c3eca8dd528a',2),(0,'Admin','2014-07-19 14:09:20','Admin','2014-07-19 14:09:20','2518085d92874fd38cd3c3eca8dd528a','8766844b87644cbbbe6036c704d50d4a','4028819d474d2dbc01474d2dcae00000','','',NULL,1),(0,'SYSTEM','2014-07-19 13:52:46','SYSTEM','2014-07-19 13:52:46','4028819d474d2df401474d2e005b0002','4028819d474d2df401474d2e00590001','4028819d474d2dbc01474d2dcc7a0002','_tystat','热帖榜',NULL,1),(0,'SYSTEM','2014-07-19 13:52:46','SYSTEM','2014-07-19 13:52:46','4028819d474d2df401474d2e005e0004','4028819d474d2df401474d2e005d0003','4028819d474d2dbc01474d2dccb4000e','ul',NULL,NULL,1),(0,'SYSTEM','2014-07-19 13:52:46','SYSTEM','2014-07-19 13:52:46','4028819d474d2df401474d2e00600006','4028819d474d2df401474d2e005f0005','4028819d474d2dbc01474d2dccb4000e','li',NULL,NULL,1),(0,'SYSTEM','2014-07-19 13:52:46','SYSTEM','2014-07-19 13:52:46','4028819d474d2df401474d2e00620008','4028819d474d2df401474d2e00610007','4028819d474d2dbc01474d2dcae00000',NULL,NULL,NULL,1),(0,'SYSTEM','2014-07-19 13:52:46','SYSTEM','2014-07-19 13:52:46','4028819d474d2df401474d2e00620009','4028819d474d2df401474d2e00610007','4028819d474d2dbc01474d2dccb4000e','a',NULL,'4028819d474d2df401474d2e00620008',2),(0,'SYSTEM','2014-07-19 13:52:46','SYSTEM','2014-07-19 13:52:46','4028819d474d2df401474d2e0063000a','4028819d474d2df401474d2e00610007','4028819d474d2dbc01474d2dcc840004',NULL,NULL,'4028819d474d2df401474d2e00620008',2),(0,'SYSTEM','2014-07-19 13:52:46','SYSTEM','2014-07-19 13:52:46','4028819d474d2df401474d2e0065000b','4028819d474d2df401474d2e00610007','4028819d474d2dbc01474d2dccb4000e','div',NULL,'4028819d474d2df401474d2e0063000a',3),(0,'SYSTEM','2014-07-19 13:52:46','SYSTEM','2014-07-19 13:52:46','4028819d474d2df401474d2e012a000f','4028819d474d2df401474d2e0128000e','4028819d474d2dbc01474d2dcae00000',NULL,NULL,NULL,1),(0,'SYSTEM','2014-07-19 13:52:46','SYSTEM','2014-07-19 13:52:46','4028819d474d2df401474d2e012b0010','4028819d474d2df401474d2e0128000e','4028819d474d2dbc01474d2dccb4000e','a',NULL,'4028819d474d2df401474d2e012a000f',2),(0,'SYSTEM','2014-07-19 13:52:46','SYSTEM','2014-07-19 13:52:46','4028819d474d2df401474d2e012c0011','4028819d474d2df401474d2e0128000e','4028819d474d2dbc01474d2dcc7a0002','class','title','4028819d474d2df401474d2e012a000f',2),(0,'SYSTEM','2014-07-19 13:52:46','SYSTEM','2014-07-19 13:52:46','4028819d474d2df401474d2e012d0012','4028819d474d2df401474d2e0128000e','4028819d474d2dbc01474d2dcc840004',NULL,NULL,'4028819d474d2df401474d2e012a000f',2),(0,'SYSTEM','2014-07-19 13:52:46','SYSTEM','2014-07-19 13:52:46','4028819d474d2df401474d2e012e0013','4028819d474d2df401474d2e0128000e','4028819d474d2dbc01474d2dcc7a0002','class','article','4028819d474d2df401474d2e012d0012',3),(0,'Admin','2014-07-19 14:20:46','Admin','2014-07-19 14:20:46','45ec38f576744b3eb2b9c3ca145b42ea','4084f09aab414e699b0f958a03467857','4028819d474d2dbc01474d2dcae00000','','',NULL,1),(0,'Admin','2014-07-19 14:21:01','Admin','2014-07-19 14:21:01','6ea588728add4de380c20da626a7fc29','4084f09aab414e699b0f958a03467857','4028819d474d2dbc01474d2dccb4000e','a','','45ec38f576744b3eb2b9c3ca145b42ea',2),(0,'Admin','2014-07-19 14:21:27','Admin','2014-07-19 14:21:27','87d7927fe7934be9b36ac25aee282c54','4084f09aab414e699b0f958a03467857','4028819d474d2dbc01474d2dcc7a0002','class','child_link','45ec38f576744b3eb2b9c3ca145b42ea',2);

/*Table structure for table `tbl_source_page_sample` */

DROP TABLE IF EXISTS `tbl_source_page_sample`;

CREATE TABLE `tbl_source_page_sample` (
  `version` int(11) NOT NULL,
  `created_by` varchar(100) NOT NULL,
  `created_dt` datetime NOT NULL,
  `updated_by` varchar(100) NOT NULL,
  `updated_dt` datetime NOT NULL,
  `id` char(32) NOT NULL,
  `sample_name` varchar(255) NOT NULL,
  PRIMARY KEY (`id`)
) ENGINE=InnoDB DEFAULT CHARSET=utf8;

/*Data for the table `tbl_source_page_sample` */

insert  into `tbl_source_page_sample`(`version`,`created_by`,`created_dt`,`updated_by`,`updated_dt`,`id`,`sample_name`) values (0,'Admin','2014-07-19 14:13:25','Admin','2014-07-19 14:20:19','23ff7ee6bc1243f3af873c58c075e952','天涯导航Sample'),(0,'SYSTEM','2014-07-19 13:52:46','SYSTEM','2014-07-19 13:52:46','4028819d474d2df401474d2e00490000','天涯论坛首页热帖Sample'),(0,'SYSTEM','2014-07-19 13:52:46','SYSTEM','2014-07-19 13:52:46','4028819d474d2df401474d2e0127000d','简书首页Sample'),(0,'Admin','2014-07-19 14:08:17','Admin','2014-07-19 14:08:17','f614fe3cb2ab4eaa95605290ac6f7673','天涯子版Sample');

/*Table structure for table `tbl_user` */

DROP TABLE IF EXISTS `tbl_user`;

CREATE TABLE `tbl_user` (
  `id` varchar(255) NOT NULL,
  `created_by` varchar(255) DEFAULT NULL,
  `created_dt` datetime DEFAULT NULL,
  `updated_by` varchar(255) DEFAULT NULL,
  `updated_dt` datetime DEFAULT NULL,
  `version` int(11) DEFAULT NULL,
  `email` varchar(255) DEFAULT NULL,
  `ip_address` varchar(255) DEFAULT NULL,
  `user_name` varchar(255) DEFAULT NULL,
  PRIMARY KEY (`id`)
) ENGINE=InnoDB DEFAULT CHARSET=utf8;

/*Data for the table `tbl_user` */

/*Table structure for table `tbl_user_setting` */

DROP TABLE IF EXISTS `tbl_user_setting`;

CREATE TABLE `tbl_user_setting` (
  `version` int(11) NOT NULL,
  `created_by` varchar(100) NOT NULL,
  `created_dt` datetime NOT NULL,
  `updated_by` varchar(100) NOT NULL,
  `updated_dt` datetime NOT NULL,
  `id` char(32) NOT NULL,
  `name` varchar(255) NOT NULL,
  `category` varchar(255) NOT NULL,
  PRIMARY KEY (`id`)
) ENGINE=InnoDB DEFAULT CHARSET=utf8;

/*Data for the table `tbl_user_setting` */

insert  into `tbl_user_setting`(`version`,`created_by`,`created_dt`,`updated_by`,`updated_dt`,`id`,`name`,`category`) values (0,'Admin','2014-07-20 11:18:45','Admin','2014-07-20 11:18:45','4fbf6d3f0b8c4f4a987219e3e041aee0','Test Settiing1','U'),(0,'Admin','2014-07-20 11:48:00','Admin','2014-07-20 12:03:29','c946f3c8f708422f82680c6a7817c50a','Default Test','D');

/*!40101 SET SQL_MODE=@OLD_SQL_MODE */;
/*!40014 SET FOREIGN_KEY_CHECKS=@OLD_FOREIGN_KEY_CHECKS */;
/*!40014 SET UNIQUE_CHECKS=@OLD_UNIQUE_CHECKS */;
/*!40111 SET SQL_NOTES=@OLD_SQL_NOTES */;
